{
  "report_generated": "2026-03-04 20:42:59",
  "dataset_info": {
    "table_a_samples": 2554,
    "table_b_samples": 22074,
    "total_pairs": 2308,
    "positive_pairs": 1154,
    "negative_pairs": 1154
  },
  "configuration": {
    "random_state": 42,
    "test_size": 0.15,
    "validation_size": 0.15,
    "rf_n_estimators": 100,
    "siamese_epochs": 25,
    "sentence_transformer": "all-MiniLM-L6-v2",
    "tfidf_max_features": 5000,
    "tfidf_ngram_range": "(1,2)",
    "glove_model_name": "glove-wiki-gigaword-300",
    "glove_embedding_dim": 300
  },
  "model_performance": {
    "Random Forest": {
      "accuracy": 0.9106628242074928,
      "precision": 0.8901098901098901,
      "recall": 0.9364161849710982,
      "f1": 0.9126760563380282,
      "roc_auc": 0.9701680951431799
    },
    "Siamese Network": {
      "accuracy": 0.7521613832853026,
      "precision": 0.7081339712918661,
      "recall": 0.8554913294797688,
      "f1": 0.774869109947644,
      "roc_auc": 0.8392133413062255
    },
    "TF IDF + Logistic Regression": {
      "accuracy": 0.8818443804034583,
      "precision": 0.8666666666666667,
      "recall": 0.9017341040462428,
      "f1": 0.8838526912181303,
      "roc_auc": 0.9629592718091821
    },
    "GloVe + MLP": {
      "accuracy": 0.8097982708933718,
      "precision": 0.7535545023696683,
      "recall": 0.9190751445086706,
      "f1": 0.828125,
      "roc_auc": 0.9029632582552655
    }
  },
  "conclusions": {
    "best_model": "Random Forest",
    "best_f1_score": 0.9126760563380282,
    "performance_notes": "Models evaluated on test set with threshold 0.5"
  },
  "hyperparameter_tuning": {
    "random_forest_tuned": true,
    "siamese_network_tuned": true,
    "random_forest_best_params": {
      "rf__bootstrap": true,
      "rf__max_depth": 10,
      "rf__max_features": null,
      "rf__min_samples_leaf": 2,
      "rf__min_samples_split": 5,
      "rf__n_estimators": 100
    },
    "siamese_network_best_params": {
      "learning_rate": 6.358358856676247e-05,
      "hidden_dim": 800,
      "dropout_rate": 0.10823379771832098,
      "batch_size": 32,
      "weight_decay": 3.5498788321965036e-05
    }
  }
}