{
  "report_generated": "2026-01-22 18:55:10",
  "dataset_info": {
    "table_a_samples": 2554,
    "table_b_samples": 22074,
    "total_pairs": 1766,
    "positive_pairs": 883,
    "negative_pairs": 883
  },
  "configuration": {
    "random_state": 42,
    "test_size": 0.15,
    "validation_size": 0.15,
    "rf_n_estimators": 300,
    "siamese_epochs": 25,
    "sentence_transformer": "all-MiniLM-L6-v2"
  },
  "model_performance": {
    "Random Forest": {
      "accuracy": 0.8528301886792453,
      "precision": 0.8163265306122449,
      "recall": 0.9090909090909091,
      "f1": 0.8602150537634409,
      "roc_auc": 0.9233310549100023
    },
    "Siamese Network": {
      "accuracy": 0.939622641509434,
      "precision": 0.9264705882352942,
      "recall": 0.9545454545454546,
      "f1": 0.9402985074626866,
      "roc_auc": 0.9884370015948962
    }
  },
  "conclusions": {
    "best_model": "Siamese Network",
    "best_f1_score": 0.9402985074626866,
    "performance_notes": "Models evaluated on test set with threshold 0.5"
  }
}