{
  "report_generated": "2026-02-18 16:38:29",
  "dataset_info": {
    "table_a_samples": 2554,
    "table_b_samples": 22074,
    "total_pairs": 2308,
    "positive_pairs": 1154,
    "negative_pairs": 1154
  },
  "configuration": {
    "random_state": 42,
    "test_size": 0.15,
    "validation_size": 0.15,
    "rf_n_estimators": 300,
    "siamese_epochs": 25,
    "sentence_transformer": "all-MiniLM-L6-v2"
  },
  "model_performance": {
    "Random Forest": {
      "accuracy": 0.8904899135446686,
      "precision": 0.8901734104046243,
      "recall": 0.8901734104046243,
      "f1": 0.8901734104046243,
      "roc_auc": 0.965450800611255
    },
    "Siamese Network": {
      "accuracy": 0.7579250720461095,
      "precision": 0.7305699481865285,
      "recall": 0.815028901734104,
      "f1": 0.7704918032786885,
      "roc_auc": 0.8423692777888513
    }
  },
  "conclusions": {
    "best_model": "Random Forest",
    "best_f1_score": 0.8901734104046243,
    "performance_notes": "Models evaluated on test set with threshold 0.5"
  },
  "hyperparameter_tuning": {
    "random_forest_tuned": true,
    "siamese_network_tuned": true,
    "random_forest_best_params": {
      "bootstrap": true,
      "max_depth": 20,
      "max_features": "sqrt",
      "min_samples_leaf": 1,
      "min_samples_split": 5,
      "n_estimators": 200
    },
    "siamese_network_best_params": {
      "learning_rate": 6.358358856676247e-05,
      "hidden_dim": 800,
      "dropout_rate": 0.10823379771832098,
      "batch_size": 32,
      "weight_decay": 3.5498788321965036e-05
    }
  }
}