{
  "report_generated": "2026-02-23 13:48:41",
  "dataset_info": {
    "table_a_samples": 2554,
    "table_b_samples": 22074,
    "total_pairs": 2308,
    "positive_pairs": 1154,
    "negative_pairs": 1154
  },
  "configuration": {
    "random_state": 42,
    "test_size": 0.15,
    "validation_size": 0.15,
    "rf_n_estimators": 300,
    "siamese_epochs": 1,
    "sentence_transformer": "all-MiniLM-L6-v2",
    "tfidf_max_features": 5000,
    "tfidf_ngram_range": "(1,2)",
    "glove_model_name": "glove-wiki-gigaword-100",
    "glove_embedding_dim": 100
  },
  "model_performance": {
    "Random Forest": {
      "accuracy": 0.9020172910662824,
      "precision": 0.8926553672316384,
      "recall": 0.9132947976878613,
      "f1": 0.9028571428571428,
      "roc_auc": 0.9718291143445618
    },
    "Siamese Network": {
      "accuracy": 0.4956772334293948,
      "precision": 0.46875,
      "recall": 0.08670520231213873,
      "f1": 0.14634146341463414,
      "roc_auc": 0.5438176865324563
    },
    "TF IDF + Logistic Regression": {
      "accuracy": 0.8818443804034583,
      "precision": 0.9024390243902439,
      "recall": 0.8554913294797688,
      "f1": 0.8783382789317508,
      "roc_auc": 0.9616304564480764
    },
    "GloVe + MLP": {
      "accuracy": 0.7953890489913544,
      "precision": 0.7383177570093458,
      "recall": 0.9132947976878613,
      "f1": 0.8165374677002584,
      "roc_auc": 0.8871835758421367
    }
  },
  "conclusions": {
    "best_model": "Random Forest",
    "best_f1_score": 0.9028571428571428,
    "performance_notes": "Models evaluated on test set with threshold 0.5"
  },
  "hyperparameter_tuning": {
    "random_forest_tuned": false,
    "siamese_network_tuned": false,
    "random_forest_best_params": null,
    "siamese_network_best_params": null
  }
}