{
  "report_generated": "2026-02-20 11:37:13",
  "dataset_info": {
    "table_a_samples": 2554,
    "table_b_samples": 22074,
    "total_pairs": 2308,
    "positive_pairs": 1154,
    "negative_pairs": 1154
  },
  "configuration": {
    "random_state": 42,
    "test_size": 0.15,
    "validation_size": 0.15,
    "rf_n_estimators": 300,
    "siamese_epochs": 1,
    "sentence_transformer": "all-MiniLM-L6-v2"
  },
  "model_performance": {
    "Random Forest": {
      "accuracy": 0.9048991354466859,
      "precision": 0.8977272727272727,
      "recall": 0.9132947976878613,
      "f1": 0.9054441260744985,
      "roc_auc": 0.9702013155272075
    },
    "Siamese Network": {
      "accuracy": 0.5244956772334294,
      "precision": 0.5263157894736842,
      "recall": 0.4624277456647399,
      "f1": 0.49230769230769234,
      "roc_auc": 0.5257457976214206
    },
    "TF\u2011IDF + Logistic Regression": {
      "accuracy": 0.8847262247838616,
      "precision": 0.8982035928143712,
      "recall": 0.8670520231213873,
      "f1": 0.8823529411764706,
      "roc_auc": 0.949239253205767
    },
    "GloVe + MLP": {
      "accuracy": 0.7953890489913544,
      "precision": 0.7931034482758621,
      "recall": 0.7976878612716763,
      "f1": 0.7953890489913544,
      "roc_auc": 0.8794764467477243
    }
  },
  "conclusions": {
    "best_model": "Random Forest",
    "best_f1_score": 0.9054441260744985,
    "performance_notes": "Models evaluated on test set with threshold 0.5"
  },
  "hyperparameter_tuning": {
    "random_forest_tuned": false,
    "siamese_network_tuned": true,
    "random_forest_best_params": null,
    "siamese_network_best_params": {
      "learning_rate": 1.329291894316217e-05,
      "hidden_dim": 987,
      "dropout_rate": 0.39279757672456206,
      "batch_size": 32,
      "weight_decay": 0.003967605077052989
    }
  }
}