{
  "report_generated": "2026-01-22 16:29:13",
  "dataset_info": {
    "table_a_samples": 2554,
    "table_b_samples": 22074,
    "total_pairs": 1766,
    "positive_pairs": 883,
    "negative_pairs": 883
  },
  "configuration": {
    "random_state": 42,
    "test_size": 0.15,
    "validation_size": 0.15,
    "rf_n_estimators": 200,
    "siamese_epochs": 10,
    "sentence_transformer": "all-MiniLM-L6-v2"
  },
  "model_performance": {
    "Random Forest": {
      "accuracy": 0.8528301886792453,
      "precision": 0.8163265306122449,
      "recall": 0.9090909090909091,
      "f1": 0.8602150537634409,
      "roc_auc": 0.9231601731601732
    },
    "Siamese Network": {
      "accuracy": 0.8415094339622642,
      "precision": 0.9591836734693877,
      "recall": 0.7121212121212122,
      "f1": 0.8173913043478261,
      "roc_auc": 0.9438368648894965
    }
  },
  "conclusions": {
    "best_model": "Random Forest",
    "best_f1_score": 0.8602150537634409,
    "performance_notes": "Models evaluated on test set with threshold 0.5"
  }
}