{
  "report_generated": "2026-02-23 20:40:20",
  "dataset_info": {
    "table_a_samples": 2554,
    "table_b_samples": 22074,
    "total_pairs": 2308,
    "positive_pairs": 1154,
    "negative_pairs": 1154
  },
  "configuration": {
    "random_state": 42,
    "test_size": 0.15,
    "validation_size": 0.15,
    "rf_n_estimators": 300,
    "siamese_epochs": 1,
    "sentence_transformer": "all-MiniLM-L6-v2",
    "tfidf_max_features": 5000,
    "tfidf_ngram_range": "(1,2)",
    "glove_model_name": "glove-wiki-gigaword-300",
    "glove_embedding_dim": 300
  },
  "model_performance": {
    "Random Forest": {
      "accuracy": 0.8904899135446686,
      "precision": 0.8688524590163934,
      "recall": 0.9190751445086706,
      "f1": 0.8932584269662921,
      "roc_auc": 0.9564812969237925
    },
    "Siamese Network": {
      "accuracy": 0.49279538904899134,
      "precision": 0.3333333333333333,
      "recall": 0.017341040462427744,
      "f1": 0.03296703296703297,
      "roc_auc": 0.5313600425220916
    },
    "TF IDF + Logistic Regression": {
      "accuracy": 0.861671469740634,
      "precision": 0.861271676300578,
      "recall": 0.861271676300578,
      "f1": 0.861271676300578,
      "roc_auc": 0.9406019533585808
    },
    "GloVe + MLP": {
      "accuracy": 0.8184438040345822,
      "precision": 0.7669902912621359,
      "recall": 0.9132947976878613,
      "f1": 0.8337730870712401,
      "roc_auc": 0.9030629194073484
    }
  },
  "conclusions": {
    "best_model": "Random Forest",
    "best_f1_score": 0.8932584269662921,
    "performance_notes": "Models evaluated on test set with threshold 0.5"
  },
  "hyperparameter_tuning": {
    "random_forest_tuned": false,
    "siamese_network_tuned": false,
    "random_forest_best_params": null,
    "siamese_network_best_params": null
  }
}