{
  "report_generated": "2026-01-20 19:37:41",
  "dataset_info": {
    "table_a_samples": 2554,
    "table_b_samples": 22074,
    "total_pairs": 1822,
    "positive_pairs": 911,
    "negative_pairs": 911
  },
  "configuration": {
    "random_state": 42,
    "test_size": 0.15,
    "validation_size": 0.15,
    "rf_n_estimators": 200,
    "siamese_epochs": 10,
    "sentence_transformer": "all-MiniLM-L6-v2"
  },
  "model_performance": {
    "Random Forest": {
      "accuracy": 0.9233576642335767,
      "precision": 0.8717948717948718,
      "recall": 0.9927007299270073,
      "f1": 0.9283276450511946,
      "roc_auc": 0.9583355533059833
    },
    "Siamese Network": {
      "accuracy": 0.8102189781021898,
      "precision": 0.9207920792079208,
      "recall": 0.6788321167883211,
      "f1": 0.7815126050420168,
      "roc_auc": 0.9049496510202996
    }
  },
  "conclusions": {
    "best_model": "Random Forest",
    "best_f1_score": 0.9283276450511946,
    "performance_notes": "Models evaluated on test set with threshold 0.5"
  }
}