{
  "report_generated": "2026-02-27 07:41:54",
  "dataset_info": {
    "table_a_samples": 2554,
    "table_b_samples": 22074,
    "total_pairs": 2308,
    "positive_pairs": 1154,
    "negative_pairs": 1154
  },
  "configuration": {
    "random_state": 42,
    "test_size": 0.15,
    "validation_size": 0.15,
    "rf_n_estimators": 400,
    "siamese_epochs": 25,
    "sentence_transformer": "all-MiniLM-L6-v2",
    "tfidf_max_features": 5000,
    "tfidf_ngram_range": "(1,2)",
    "glove_model_name": "glove-wiki-gigaword-300",
    "glove_embedding_dim": 300
  },
  "model_performance": {
    "Random Forest": {
      "accuracy": 0.899135446685879,
      "precision": 0.8920454545454546,
      "recall": 0.9075144508670521,
      "f1": 0.8997134670487106,
      "roc_auc": 0.9579762142050361
    },
    "Siamese Network": {
      "accuracy": 0.7636887608069164,
      "precision": 0.7382198952879581,
      "recall": 0.815028901734104,
      "f1": 0.7747252747252747,
      "roc_auc": 0.8574845525214272
    },
    "TF IDF + Logistic Regression": {
      "accuracy": 0.8904899135446686,
      "precision": 0.9041916167664671,
      "recall": 0.8728323699421965,
      "f1": 0.888235294117647,
      "roc_auc": 0.9636901202577901
    },
    "GloVe + MLP": {
      "accuracy": 0.8242074927953891,
      "precision": 0.7978723404255319,
      "recall": 0.8670520231213873,
      "f1": 0.8310249307479224,
      "roc_auc": 0.9178127699156202
    }
  },
  "conclusions": {
    "best_model": "Random Forest",
    "best_f1_score": 0.8997134670487106,
    "performance_notes": "Models evaluated on test set with threshold 0.5"
  },
  "hyperparameter_tuning": {
    "random_forest_tuned": true,
    "siamese_network_tuned": true,
    "random_forest_best_params": {
      "bootstrap": true,
      "max_depth": 10,
      "max_features": "sqrt",
      "min_samples_leaf": 2,
      "min_samples_split": 10,
      "n_estimators": 400
    },
    "siamese_network_best_params": {
      "learning_rate": 6.358358856676247e-05,
      "hidden_dim": 800,
      "dropout_rate": 0.10823379771832098,
      "batch_size": 32,
      "weight_decay": 3.5498788321965036e-05
    }
  }
}