{
  "accuracy": {
    "scores": [
      0.934984520123839,
      0.9009287925696594,
      0.9287925696594427,
      0.8978328173374613,
      0.9440993788819876
    ],
    "mean": 0.921327615714478,
    "std": 0.018595199970284085,
    "min": 0.8978328173374613,
    "max": 0.9440993788819876
  },
  "precision": {
    "scores": [
      0.9166666666666666,
      0.864406779661017,
      0.9161676646706587,
      0.8771929824561403,
      0.9386503067484663
    ],
    "mean": 0.9026168800405898,
    "std": 0.02751659298693177,
    "min": 0.864406779661017,
    "max": 0.9386503067484663
  },
  "recall": {
    "scores": [
      0.9565217391304348,
      0.9503105590062112,
      0.9444444444444444,
      0.9259259259259259,
      0.9503105590062112
    ],
    "mean": 0.9455026455026456,
    "std": 0.010507332941889857,
    "min": 0.9259259259259259,
    "max": 0.9565217391304348
  },
  "f1": {
    "scores": [
      0.9361702127659575,
      0.9053254437869822,
      0.9300911854103343,
      0.9009009009009009,
      0.9444444444444444
    ],
    "mean": 0.9233864374617239,
    "std": 0.017225661445152113,
    "min": 0.9009009009009009,
    "max": 0.9444444444444444
  },
  "roc_auc": {
    "scores": [
      0.9745801702323442,
      0.9727398205659076,
      0.9678705620734607,
      0.9623878536922016,
      0.9719725319239227
    ],
    "mean": 0.9699101876975673,
    "std": 0.004354639005187191,
    "min": 0.9623878536922016,
    "max": 0.9745801702323442
  }
}