{
  "accuracy": {
    "scores": [
      0.9411764705882353,
      0.9287925696594427,
      0.934984520123839,
      0.9226006191950464,
      0.9192546583850931
    ],
    "mean": 0.9293617675903313,
    "std": 0.007992412944486167,
    "min": 0.9192546583850931,
    "max": 0.9411764705882353
  },
  "precision": {
    "scores": [
      0.9226190476190477,
      0.9011627906976745,
      0.9171597633136095,
      0.9151515151515152,
      0.8947368421052632
    ],
    "mean": 0.9101659917774219,
    "std": 0.010468650082001109,
    "min": 0.8947368421052632,
    "max": 0.9226190476190477
  },
  "recall": {
    "scores": [
      0.9627329192546584,
      0.9627329192546584,
      0.9567901234567902,
      0.9320987654320988,
      0.9503105590062112
    ],
    "mean": 0.9529330572808835,
    "std": 0.011383292695317982,
    "min": 0.9320987654320988,
    "max": 0.9627329192546584
  },
  "f1": {
    "scores": [
      0.9422492401215805,
      0.9309309309309309,
      0.9365558912386707,
      0.9235474006116208,
      0.9216867469879518
    ],
    "mean": 0.930994041978151,
    "std": 0.0077420390482764835,
    "min": 0.9216867469879518,
    "max": 0.9422492401215805
  },
  "roc_auc": {
    "scores": [
      0.9850854995782531,
      0.979947856759451,
      0.9904148454873093,
      0.9701709991565064,
      0.9722618726129393
    ],
    "mean": 0.9795762147188917,
    "std": 0.007614774252987823,
    "min": 0.9701709991565064,
    "max": 0.9904148454873093
  }
}