{
  "accuracy": {
    "scores": [
      0.9164086687306502,
      0.9164086687306502,
      0.9287925696594427,
      0.934984520123839,
      0.9472049689440993
    ],
    "mean": 0.9287598792377363,
    "std": 0.011696780403864146,
    "min": 0.9164086687306502,
    "max": 0.9472049689440993
  },
  "precision": {
    "scores": [
      0.8806818181818182,
      0.8850574712643678,
      0.8971428571428571,
      0.9221556886227545,
      0.9337349397590361
    ],
    "mean": 0.9037545549941667,
    "std": 0.020799383942582437,
    "min": 0.8806818181818182,
    "max": 0.9337349397590361
  },
  "recall": {
    "scores": [
      0.9627329192546584,
      0.9565217391304348,
      0.9691358024691358,
      0.9506172839506173,
      0.9627329192546584
    ],
    "mean": 0.9603481328119008,
    "std": 0.00629171294524019,
    "min": 0.9506172839506173,
    "max": 0.9691358024691358
  },
  "f1": {
    "scores": [
      0.9198813056379822,
      0.9194029850746268,
      0.9317507418397626,
      0.9361702127659575,
      0.9480122324159022
    ],
    "mean": 0.9310434955468463,
    "std": 0.010722102641835037,
    "min": 0.9194029850746268,
    "max": 0.9480122324159022
  },
  "roc_auc": {
    "scores": [
      0.9633080285254199,
      0.9793727474886895,
      0.9700559773023542,
      0.9699409554482018,
      0.9809806720419737
    ],
    "mean": 0.9727316761613277,
    "std": 0.006571185321726297,
    "min": 0.9633080285254199,
    "max": 0.9809806720419737
  }
}