{
  "accuracy": {
    "scores": [
      0.875,
      0.854251012145749,
      0.854251012145749,
      0.8825910931174089,
      0.8947368421052632
    ],
    "mean": 0.8721659919028341,
    "std": 0.015925141226896325,
    "min": 0.854251012145749,
    "max": 0.8947368421052632
  },
  "precision": {
    "scores": [
      0.8444444444444444,
      0.8235294117647058,
      0.8098591549295775,
      0.8790322580645161,
      0.875968992248062
    ],
    "mean": 0.8465668522902611,
    "std": 0.027572347497959483,
    "min": 0.8098591549295775,
    "max": 0.8790322580645161
  },
  "recall": {
    "scores": [
      0.9193548387096774,
      0.9032258064516129,
      0.9274193548387096,
      0.8861788617886179,
      0.9186991869918699
    ],
    "mean": 0.9109756097560975,
    "std": 0.014664242473010918,
    "min": 0.8861788617886179,
    "max": 0.9274193548387096
  },
  "f1": {
    "scores": [
      0.8803088803088803,
      0.8615384615384616,
      0.8646616541353384,
      0.8825910931174089,
      0.8968253968253969
    ],
    "mean": 0.8771850971850972,
    "std": 0.012855955941620829,
    "min": 0.8615384615384616,
    "max": 0.8968253968253969
  },
  "roc_auc": {
    "scores": [
      0.9454344432882414,
      0.9360083923419878,
      0.9422370836611592,
      0.956464725937582,
      0.9583661159192236
    ],
    "mean": 0.9477021522296388,
    "std": 0.008511830803899154,
    "min": 0.9360083923419878,
    "max": 0.9583661159192236
  }
}