{
  "accuracy": {
    "scores": [
      0.9256965944272446,
      0.9226006191950464,
      0.9195046439628483,
      0.8947368421052632,
      0.9130434782608695
    ],
    "mean": 0.9151164355902545,
    "std": 0.011016661206285965,
    "min": 0.8947368421052632,
    "max": 0.9256965944272446
  },
  "precision": {
    "scores": [
      0.8959537572254336,
      0.9,
      0.8953488372093024,
      0.8555555555555555,
      0.893491124260355
    ],
    "mean": 0.8880698548501293,
    "std": 0.01639535107755144,
    "min": 0.8555555555555555,
    "max": 0.9
  },
  "recall": {
    "scores": [
      0.9627329192546584,
      0.9503105590062112,
      0.9506172839506173,
      0.9506172839506173,
      0.937888198757764
    ],
    "mean": 0.9504332489839736,
    "std": 0.007858027290792886,
    "min": 0.937888198757764,
    "max": 0.9627329192546584
  },
  "f1": {
    "scores": [
      0.9281437125748503,
      0.9244712990936556,
      0.9221556886227545,
      0.9005847953216374,
      0.9151515151515152
    ],
    "mean": 0.9181014021528826,
    "std": 0.009730304955429502,
    "min": 0.9005847953216374,
    "max": 0.9281437125748503
  },
  "roc_auc": {
    "scores": [
      0.9790276819262327,
      0.9808296909746186,
      0.9665669810597347,
      0.9538378958668814,
      0.9728405539909726
    ],
    "mean": 0.970620560763688,
    "std": 0.00977674532029385,
    "min": 0.9538378958668814,
    "max": 0.9808296909746186
  }
}