{
  "accuracy": {
    "scores": [
      0.9318885448916409,
      0.9287925696594427,
      0.9040247678018576,
      0.9226006191950464,
      0.9503105590062112
    ],
    "mean": 0.9275234121108398,
    "std": 0.014942151004191339,
    "min": 0.9040247678018576,
    "max": 0.9503105590062112
  },
  "precision": {
    "scores": [
      0.8971428571428571,
      0.9011627906976745,
      0.8830409356725146,
      0.9053254437869822,
      0.967741935483871
    ],
    "mean": 0.9108827925567798,
    "std": 0.029401630961007036,
    "min": 0.8830409356725146,
    "max": 0.967741935483871
  },
  "recall": {
    "scores": [
      0.9751552795031055,
      0.9627329192546584,
      0.9320987654320988,
      0.9444444444444444,
      0.9316770186335404
    ],
    "mean": 0.9492216854535697,
    "std": 0.017198467924211154,
    "min": 0.9316770186335404,
    "max": 0.9751552795031055
  },
  "f1": {
    "scores": [
      0.9345238095238095,
      0.9309309309309309,
      0.9069069069069069,
      0.9244712990936556,
      0.9493670886075949
    ],
    "mean": 0.9292400070125796,
    "std": 0.013837522478780244,
    "min": 0.9069069069069069,
    "max": 0.9493670886075949
  },
  "roc_auc": {
    "scores": [
      0.9708036193543441,
      0.9620811287477955,
      0.95728855149145,
      0.977685760294456,
      0.9913583580880367
    ],
    "mean": 0.9718434835952164,
    "std": 0.012026582738689034,
    "min": 0.95728855149145,
    "max": 0.9913583580880367
  }
}