{
  "accuracy": {
    "scores": [
      0.9907120743034056,
      0.9907120743034056,
      0.9907120743034056,
      0.9907120743034056,
      0.9907120743034056
    ],
    "mean": 0.9907120743034057,
    "std": 1.1102230246251565e-16,
    "min": 0.9907120743034056,
    "max": 0.9907120743034056
  },
  "precision": {
    "scores": [
      0.9877300613496932,
      0.9877300613496932,
      1.0,
      0.9817073170731707,
      1.0
    ],
    "mean": 0.9914334879545115,
    "std": 0.007332112853722211,
    "min": 0.9817073170731707,
    "max": 1.0
  },
  "recall": {
    "scores": [
      0.9938271604938271,
      0.9938271604938271,
      0.9814814814814815,
      1.0,
      0.9813664596273292
    ],
    "mean": 0.9901004524192929,
    "std": 0.007434339763088489,
    "min": 0.9813664596273292,
    "max": 1.0
  },
  "f1": {
    "scores": [
      0.9907692307692307,
      0.9907692307692307,
      0.9906542056074766,
      0.9907692307692307,
      0.9905956112852664
    ],
    "mean": 0.9907115018400872,
    "std": 7.309085681289129e-05,
    "min": 0.9905956112852664,
    "max": 0.9907692307692307
  },
  "roc_auc": {
    "scores": [
      0.999194847020934,
      0.9997124453646192,
      0.9998274672187716,
      0.999846637527797,
      0.9994824016563147
    ],
    "mean": 0.9996127597576873,
    "std": 0.000245918529419907,
    "min": 0.999194847020934,
    "max": 0.999846637527797
  }
}