{
  "accuracy": {
    "scores": [
      0.8709677419354839,
      0.8259109311740891,
      0.8461538461538461,
      0.8866396761133604,
      0.8744939271255061
    ],
    "mean": 0.8608332245004572,
    "std": 0.021864797755825862,
    "min": 0.8259109311740891,
    "max": 0.8866396761133604
  },
  "precision": {
    "scores": [
      0.859375,
      0.8,
      0.7945205479452054,
      0.8682170542635659,
      0.8709677419354839
    ],
    "mean": 0.8386160688288511,
    "std": 0.034027630092816376,
    "min": 0.7945205479452054,
    "max": 0.8709677419354839
  },
  "recall": {
    "scores": [
      0.8870967741935484,
      0.8709677419354839,
      0.9354838709677419,
      0.9105691056910569,
      0.8780487804878049
    ],
    "mean": 0.8964332546551272,
    "std": 0.02365765844202567,
    "min": 0.8709677419354839,
    "max": 0.9354838709677419
  },
  "f1": {
    "scores": [
      0.873015873015873,
      0.833976833976834,
      0.8592592592592593,
      0.8888888888888888,
      0.8744939271255061
    ],
    "mean": 0.8659269564532723,
    "std": 0.01852654623959202,
    "min": 0.833976833976834,
    "max": 0.8888888888888888
  },
  "roc_auc": {
    "scores": [
      0.9376951092611862,
      0.9209284028324154,
      0.9289929189614478,
      0.946761080514031,
      0.9381064778389719
    ],
    "mean": 0.9344967978816104,
    "std": 0.00880983133711451,
    "min": 0.9209284028324154,
    "max": 0.946761080514031
  }
}