{
  "accuracy": {
    "scores": [
      0.9566563467492261,
      0.8854489164086687,
      0.9164086687306502,
      0.9071207430340558,
      0.922360248447205
    ],
    "mean": 0.9175989846739612,
    "std": 0.023207690339061556,
    "min": 0.8854489164086687,
    "max": 0.9566563467492261
  },
  "precision": {
    "scores": [
      0.9454545454545454,
      0.8369565217391305,
      0.8857142857142857,
      0.8837209302325582,
      0.9047619047619048
    ],
    "mean": 0.8913216375804849,
    "std": 0.035087865322340595,
    "min": 0.8369565217391305,
    "max": 0.9454545454545454
  },
  "recall": {
    "scores": [
      0.968944099378882,
      0.9565217391304348,
      0.9567901234567902,
      0.9382716049382716,
      0.9440993788819876
    ],
    "mean": 0.9529253891572733,
    "std": 0.010743377781831065,
    "min": 0.9382716049382716,
    "max": 0.968944099378882
  },
  "f1": {
    "scores": [
      0.9570552147239264,
      0.8927536231884058,
      0.9198813056379822,
      0.9101796407185628,
      0.9240121580547113
    ],
    "mean": 0.9207763884647177,
    "std": 0.02109498067967357,
    "min": 0.8927536231884058,
    "max": 0.9570552147239264
  },
  "roc_auc": {
    "scores": [
      0.987079211716893,
      0.9545663676098459,
      0.9635380722337245,
      0.9552948393528103,
      0.971683191234906
    ],
    "mean": 0.966432336429636,
    "std": 0.01205891170643383,
    "min": 0.9545663676098459,
    "max": 0.987079211716893
  }
}