{
  "accuracy": {
    "scores": [
      0.875,
      0.854251012145749,
      0.8502024291497976,
      0.8866396761133604,
      0.8947368421052632
    ],
    "mean": 0.8721659919028341,
    "std": 0.017494610620900797,
    "min": 0.8502024291497976,
    "max": 0.8947368421052632
  },
  "precision": {
    "scores": [
      0.8444444444444444,
      0.8235294117647058,
      0.8041958041958042,
      0.88,
      0.875968992248062
    ],
    "mean": 0.8456277305306032,
    "std": 0.029354336814642164,
    "min": 0.8041958041958042,
    "max": 0.88
  },
  "recall": {
    "scores": [
      0.9193548387096774,
      0.9032258064516129,
      0.9274193548387096,
      0.8943089430894309,
      0.9186991869918699
    ],
    "mean": 0.9126016260162603,
    "std": 0.012040593508293474,
    "min": 0.8943089430894309,
    "max": 0.9274193548387096
  },
  "f1": {
    "scores": [
      0.8803088803088803,
      0.8615384615384616,
      0.8614232209737828,
      0.8870967741935484,
      0.8968253968253969
    ],
    "mean": 0.877438546768014,
    "std": 0.014047586962813304,
    "min": 0.8614232209737828,
    "max": 0.8968253968253969
  },
  "roc_auc": {
    "scores": [
      0.9465400624349636,
      0.936008392341988,
      0.9405979543666405,
      0.9556123787044322,
      0.9595462890112771
    ],
    "mean": 0.9476610153718603,
    "std": 0.008847721718689961,
    "min": 0.936008392341988,
    "max": 0.9595462890112771
  }
}