{
  "accuracy": {
    "scores": [
      0.9380804953560371,
      0.9195046439628483,
      0.9009287925696594,
      0.9256965944272446,
      0.9285714285714286
    ],
    "mean": 0.9225563909774437,
    "std": 0.012362083517353715,
    "min": 0.9009287925696594,
    "max": 0.9380804953560371
  },
  "precision": {
    "scores": [
      0.9075144508670521,
      0.8901734104046243,
      0.8735632183908046,
      0.9107142857142857,
      0.9058823529411765
    ],
    "mean": 0.8975695436635887,
    "std": 0.01394126723965565,
    "min": 0.8735632183908046,
    "max": 0.9107142857142857
  },
  "recall": {
    "scores": [
      0.9751552795031055,
      0.9565217391304348,
      0.9382716049382716,
      0.9444444444444444,
      0.9565217391304348
    ],
    "mean": 0.9541829614293382,
    "std": 0.012639524248233676,
    "min": 0.9382716049382716,
    "max": 0.9751552795031055
  },
  "f1": {
    "scores": [
      0.9401197604790419,
      0.9221556886227545,
      0.9047619047619048,
      0.9272727272727272,
      0.9305135951661632
    ],
    "mean": 0.9249647352605184,
    "std": 0.011677641593436754,
    "min": 0.9047619047619048,
    "max": 0.9401197604790419
  },
  "roc_auc": {
    "scores": [
      0.9793344068706387,
      0.9788743194540296,
      0.9476650563607085,
      0.9685606931983743,
      0.9780101076347364
    ],
    "mean": 0.9704889167036974,
    "std": 0.012081164144589849,
    "min": 0.9476650563607085,
    "max": 0.9793344068706387
  }
}