{
  "accuracy": {
    "scores": [
      0.934984520123839,
      0.9164086687306502,
      0.9411764705882353,
      0.9256965944272446,
      0.9254658385093167
    ],
    "mean": 0.9287464184758573,
    "std": 0.00855223722901448,
    "min": 0.9164086687306502,
    "max": 0.9411764705882353
  },
  "precision": {
    "scores": [
      0.8977272727272727,
      0.8941176470588236,
      0.9440993788819876,
      0.9107142857142857,
      0.8959537572254336
    ],
    "mean": 0.9085224683215607,
    "std": 0.01872179612460254,
    "min": 0.8941176470588236,
    "max": 0.9440993788819876
  },
  "recall": {
    "scores": [
      0.9813664596273292,
      0.9440993788819876,
      0.9382716049382716,
      0.9444444444444444,
      0.9627329192546584
    ],
    "mean": 0.9541829614293382,
    "std": 0.015885420790996,
    "min": 0.9382716049382716,
    "max": 0.9813664596273292
  },
  "f1": {
    "scores": [
      0.9376854599406528,
      0.918429003021148,
      0.9411764705882353,
      0.9272727272727272,
      0.9281437125748503
    ],
    "mean": 0.9305414746795228,
    "std": 0.008090557530659322,
    "min": 0.918429003021148,
    "max": 0.9411764705882353
  },
  "roc_auc": {
    "scores": [
      0.9700943179204049,
      0.9654934437543132,
      0.9768422666973391,
      0.9754428341384862,
      0.9675359746923343
    ],
    "mean": 0.9710817674405756,
    "std": 0.004404073542110859,
    "min": 0.9654934437543132,
    "max": 0.9768422666973391
  }
}