{
  "accuracy": {
    "scores": [
      0.9529411764705882,
      0.9725490196078431,
      0.9294117647058824,
      0.9411764705882353,
      0.9176470588235294
    ],
    "mean": 0.9427450980392157,
    "std": 0.018986224999074826,
    "min": 0.9176470588235294,
    "max": 0.9725490196078431
  },
  "precision": {
    "scores": [
      0.9197080291970803,
      0.9545454545454546,
      0.8873239436619719,
      0.8951048951048951,
      0.8848920863309353
    ],
    "mean": 0.9083148817680675,
    "std": 0.026194733226239875,
    "min": 0.8848920863309353,
    "max": 0.9545454545454546
  },
  "recall": {
    "scores": [
      0.9921259842519685,
      0.9921259842519685,
      0.984375,
      1.0,
      0.9609375
    ],
    "mean": 0.9859128937007874,
    "std": 0.013429720472324954,
    "min": 0.9609375,
    "max": 1.0
  },
  "f1": {
    "scores": [
      0.9545454545454546,
      0.972972972972973,
      0.9333333333333333,
      0.9446494464944649,
      0.9213483146067416
    ],
    "mean": 0.9453699043905935,
    "std": 0.017711888628535035,
    "min": 0.9213483146067416,
    "max": 0.972972972972973
  },
  "roc_auc": {
    "scores": [
      0.9893577755905512,
      0.9899114173228346,
      0.9615526574803149,
      0.9819758858267716,
      0.9786540354330708
    ],
    "mean": 0.9802903543307085,
    "std": 0.01030924653520461,
    "min": 0.9615526574803149,
    "max": 0.9899114173228346
  }
}