{
  "accuracy": {
    "scores": [
      0.9716312056737588,
      0.975177304964539,
      0.9501779359430605,
      0.9679715302491103,
      0.9786476868327402
    ],
    "mean": 0.9687211327326418,
    "std": 0.009930752355921228,
    "min": 0.9501779359430605,
    "max": 0.9786476868327402
  },
  "precision": {
    "scores": [
      0.9463087248322147,
      0.9527027027027027,
      0.9150326797385621,
      0.9459459459459459,
      0.9652777777777778
    ],
    "mean": 0.9450535661994406,
    "std": 0.016559911907454376,
    "min": 0.9150326797385621,
    "max": 0.9652777777777778
  },
  "recall": {
    "scores": [
      1.0,
      1.0,
      0.9929078014184397,
      0.9929078014184397,
      0.9928571428571429
    ],
    "mean": 0.9957345491388045,
    "std": 0.0034827751680941944,
    "min": 0.9928571428571429,
    "max": 1.0
  },
  "f1": {
    "scores": [
      0.9724137931034482,
      0.9757785467128027,
      0.9523809523809523,
      0.9688581314878892,
      0.9788732394366197
    ],
    "mean": 0.9696609326243424,
    "std": 0.009264040658729045,
    "min": 0.9523809523809523,
    "max": 0.9788732394366197
  },
  "roc_auc": {
    "scores": [
      0.9977868316483074,
      0.9978874302097479,
      0.9925025329280649,
      0.9963019250253293,
      0.994579533941236
    ],
    "mean": 0.9958116507505371,
    "std": 0.0020454310744430736,
    "min": 0.9925025329280649,
    "max": 0.9978874302097479
  }
}