{
  "Random Forest": {
    "accuracy": 0.8528301886792453,
    "precision": 0.8079470198675497,
    "recall": 0.9242424242424242,
    "f1": 0.8621908127208481,
    "confusion_matrix": [
      [
        104,
        29
      ],
      [
        10,
        122
      ]
    ],
    "roc_auc": 0.913362952836637
  },
  "Siamese Network": {
    "accuracy": 0.9660377358490566,
    "precision": 0.9555555555555556,
    "recall": 0.9772727272727273,
    "f1": 0.9662921348314607,
    "roc_auc": 0.9882091592617908,
    "predictions": [
      0.9909750819206238,
      0.9987831711769104,
      0.016754567623138428,
      0.0003430497308727354,
      0.036397095769643784,
      0.9990218877792358,
      0.9990621209144592,
      0.9991279244422913,
      0.0002703110803849995,
      0.9971328973770142,
      0.00015257253835443407,
      0.2488873302936554,
      0.9998379945755005,
      0.7389965653419495,
      0.9968312382698059,
      0.0025589398574084044,
      0.008993133902549744,
      0.9995225667953491,
      0.003325054422020912,
      0.022739171981811523,
      0.08123379200696945,
      0.9991739392280579,
      0.9848052859306335,
      0.983132541179657,
      0.07610415667295456,
      0.00819002091884613,
      0.032442692667245865,
      0.5205948352813721,
      0.009505725465714931,
      0.9830118417739868,
      0.49265602231025696,
      0.0011425018310546875,
      0.9969293475151062,
      0.0015123427147045732,
      0.014250390231609344,
      0.9972538352012634,
      0.00017816151375882328,
      0.9978345036506653,
      0.9992101192474365,
      0.039586495608091354,
      0.9215609431266785,
      0.8642550110816956,
      0.9967902302742004,
      0.9989528656005859,
      0.009180220775306225,
      0.9903748631477356,
      0.006359627936035395,
      0.9971914887428284,
      0.002621271414682269,
      0.04677259922027588,
      0.0025610048323869705,
      0.008080216124653816,
      0.0005137108382768929,
      0.9985077977180481,
      0.00245180306956172,
      0.9994617104530334,
      0.002552684396505356,
      0.9940734505653381,
      0.0001115237973863259,
      0.0002416844799881801,
      0.999251663684845,
      0.9998496770858765,
      0.00013037212193012238,
      0.883063793182373,
      0.07574431598186493,
      0.0015707218553870916,
      0.9999469518661499,
      0.0019778343848884106,
      0.9998021721839905,
      0.9981703758239746,
      0.9996808767318726,
      0.9997161030769348,
      0.0005287700914777815,
      0.003410633886232972,
      0.934792697429657,
      0.002000152599066496,
      0.9536595940589905,
      0.999195396900177,
      0.5721945762634277,
      0.9998582601547241,
      0.0003767301677726209,
      0.997189462184906,
      0.9993388056755066,
      0.9523016214370728,
      0.00029227399500086904,
      0.95694899559021,
      0.6394235491752625,
      0.4501991868019104,
      0.9885546565055847,
      0.0387791246175766,
      0.7107099294662476,
      0.9992018342018127,
      0.7425984144210815,
      0.9996702671051025,
      0.999790370464325,
      0.00028012096299789846,
      0.0001612778432900086,
      0.9991520643234253,
      0.999596893787384,
      0.999915361404419,
      0.015200772322714329,
      6.331161421258003e-05,
      0.9675512909889221,
      0.01604461669921875,
      0.00031372380908578634,
      0.01743965782225132,
      0.9964122176170349,
      0.029170552268624306,
      0.31753668189048767,
      0.1935054361820221,
      9.931076056091115e-05,
      0.9996515512466431,
      0.0011362798977643251,
      0.0069837733171880245,
      0.00016251280612777919,
      0.056725531816482544,
      0.9993427395820618,
      0.9998877048492432,
      0.9915789365768433,
      0.059830911457538605,
      0.9989920258522034,
      0.9993113279342651,
      0.9968146681785583,
      0.9999030828475952,
      0.9992737174034119,
      0.9675472974777222,
      0.0321979857981205,
      0.019132325425744057,
      0.00017445864796172827,
      0.9299487471580505,
      0.9538115859031677,
      0.26212385296821594,
      0.04276712238788605,
      0.0031012429390102625,
      0.982624351978302,
      0.9723582863807678,
      0.9998573064804077,
      0.9994184970855713,
      0.9958015084266663,
      0.9974619150161743,
      0.9551630616188049,
      0.00654377369210124,
      0.9989036321640015,
      0.0047693680971860886,
      0.9988963603973389,
      0.1048382893204689,
      0.5879004597663879,
      0.9997084736824036,
      0.009121774695813656,
      0.8991522789001465,
      0.02393847517669201,
      0.9963005781173706,
      0.005015883129090071,
      0.9960387945175171,
      0.0018715105252340436,
      0.006961168255656958,
      0.8714277744293213,
      0.00011726536467904225,
      0.12404308468103409,
      0.9996405839920044,
      0.9997199177742004,
      0.7805296778678894,
      0.10025238990783691,
      0.03844587132334709,
      0.9990636706352234,
      0.997037410736084,
      0.9997438788414001,
      0.9994634985923767,
      0.0009828174952417612,
      0.0003354526124894619,
      0.9996213912963867,
      0.002354350406676531,
      0.0045913634821772575,
      0.9997280240058899,
      0.8745387196540833,
      0.9906582832336426,
      0.00033151180832646787,
      0.0063058556988835335,
      0.003429592354223132,
      0.9994126558303833,
      0.009422638453543186,
      0.999471127986908,
      0.9997901320457458,
      0.9980582594871521,
      0.010400253348052502,
      0.0716121643781662,
      0.00013359810691326857,
      0.004408706445246935,
      0.018840815871953964,
      0.0013270153431221843,
      0.00037908018566668034,
      0.017161831259727478,
      0.0002775650646071881,
      0.9996644258499146,
      0.021800164133310318,
      0.0019564274698495865,
      0.9996895790100098,
      0.998071014881134,
      0.0003841527213808149,
      0.006680695340037346,
      0.0030959700234234333,
      0.9985501170158386,
      0.0006258740904740989,
      0.0020993712823837996,
      0.9989616870880127,
      0.003585021011531353,
      0.995299220085144,
      0.9996814727783203,
      0.003303188132122159,
      0.9976012110710144,
      0.999451220035553,
      0.004966531880199909,
      0.9995427131652832,
      0.9994714856147766,
      0.01951642893254757,
      0.05435490235686302,
      0.9993855953216553,
      0.9317494034767151,
      0.005899318028241396,
      0.9972566962242126,
      0.9989439845085144,
      0.00333657069131732,
      0.9993820190429688,
      0.0018021701835095882,
      0.9989981055259705,
      0.9999809265136719,
      0.010587654076516628,
      0.25281909108161926,
      0.08862797170877457,
      0.9710971117019653,
      0.37946617603302,
      0.9988436698913574,
      0.0044493405148386955,
      3.6274941521696746e-05,
      0.9992751479148865,
      0.9987724423408508,
      0.012659220956265926,
      0.031185558065772057,
      0.9995155334472656,
      0.9981527924537659,
      0.00013260637933854014,
      0.9986962676048279,
      0.004384959116578102,
      0.9997463822364807,
      0.9993959665298462,
      0.5355007648468018,
      0.0017496810760349035,
      0.00017711223335936666,
      0.009135252796113491,
      0.9995112419128418,
      0.46139785647392273,
      0.8743138909339905,
      0.013732429593801498,
      0.13125160336494446,
      0.9991441965103149,
      0.9985389709472656,
      0.9972954392433167,
      0.00627362634986639,
      0.0019527225522324443,
      0.00031008917721919715,
      0.03980148211121559,
      0.99960857629776,
      0.009600176475942135,
      0.9986775517463684,
      0.9993556141853333
    ],