{
  "Random Forest": {
    "accuracy": 0.9503311258278145,
    "precision": 0.9197530864197531,
    "recall": 0.9867549668874173,
    "f1": 0.952076677316294,
    "confusion_matrix": [
      [
        138,
        13
      ],
      [
        2,
        149
      ]
    ],
    "roc_auc": 0.9875444059471076
  },
  "Siamese Network": {
    "accuracy": 0.8543046357615894,
    "precision": 0.9495798319327731,
    "recall": 0.7483443708609272,
    "f1": 0.837037037037037,
    "roc_auc": 0.9300030700407877,
    "predictions": [
      0.05367325618863106,
      0.03383351117372513,
      0.10880942642688751,
      0.35854852199554443,
      0.3511703312397003,
      0.19574803113937378,
      0.1193181499838829,
      0.891107976436615,
      0.1724131852388382,
      0.8635812401771545,
      0.15716120600700378,
      0.8255546689033508,
      0.15105383098125458,
      0.7496805191040039,
      0.05876811593770981,
      0.17646311223506927,
      0.18962600827217102,
      0.4551244378089905,
      0.29766085743904114,
      0.874028742313385,
      0.9181147813796997,
      0.22559478878974915,
      0.2773034870624542,
      0.04121633246541023,
      0.7107396125793457,
      0.04152711480855942,
      0.6208078861236572,
      0.7851461172103882,
      0.04303053393959999,
      0.25597912073135376,
      0.7522320747375488,
      0.8126645088195801,
      0.03465719521045685,
      0.7057614326477051,
      0.1732463836669922,
      0.3414647579193115,
      0.08026661723852158,
      0.8049525022506714,
      0.052544936537742615,
      0.8703432083129883,
      0.1925068199634552,
      0.09395427256822586,
      0.08524273335933685,
      0.18169614672660828,
      0.08548775315284729,
      0.09042344987392426,
      0.358430951833725,
      0.8679336905479431,
      0.8519168496131897,
      0.8494778275489807,
      0.7206303477287292,
      0.698188841342926,
      0.5613681077957153,
      0.06468742340803146,
      0.14388740062713623,
      0.8233157992362976,
      0.114852175116539,
      0.36635008454322815,
      0.6683413982391357,
      0.8554172515869141,
      0.5713165402412415,
      0.19762717187404633,
      0.7799193263053894,
      0.17566925287246704,
      0.32359811663627625,
      0.2269028127193451,
      0.5941242575645447,
      0.09950697422027588,
      0.07166004925966263,
      0.776276171207428,
      0.09302056580781937,
      0.24371638894081116,
      0.15094807744026184,
      0.18082672357559204,
      0.89423668384552,
      0.020851630717515945,
      0.8298889398574829,
      0.11924184113740921,
      0.21115897595882416,
      0.5297993421554565,
      0.2572841942310333,
      0.1284843534231186,
      0.12032296508550644,
      0.15067195892333984,
      0.9059098362922668,
      0.34946948289871216,
      0.5851547122001648,
      0.030660582706332207,
      0.21311315894126892,
      0.7458873987197876,
      0.823818027973175,
      0.056139763444662094,
      0.09121858328580856,
      0.7546924352645874,
      0.054548975080251694,
      0.4756731390953064,
      0.6413897275924683,
      0.10121215879917145,
      0.8062775135040283,
      0.7748414874076843,
      0.07266011089086533,
      0.30302003026008606,
      0.6420695781707764,
      0.08695375174283981,
      0.10793475806713104,
      0.7961636781692505,
      0.15682587027549744,
      0.6770898103713989,
      0.8488927483558655,
      0.0788036584854126,
      0.21645987033843994,
      0.758592963218689,
      0.09537976235151291,
      0.9249168038368225,
      0.09802431613206863,
      0.4287814497947693,
      0.8112427592277527,
      0.8463289737701416,
      0.15908728539943695,
      0.763421893119812,
      0.11262113600969315,
      0.7999863624572754,
      0.10026952624320984,
      0.06821642816066742,
      0.2223658412694931,
      0.321599543094635,
      0.9315114617347717,
      0.5500826239585876,
      0.7827527523040771,
      0.8574296236038208,
      0.795704185962677,
      0.27147072553634644,
      0.5290244817733765,
      0.5914922952651978,
      0.04183540493249893,
      0.29437997937202454,
      0.4188286364078522,
      0.458246648311615,
      0.04288594797253609,
      0.8428613543510437,
      0.5861197710037231,
      0.44588562846183777,
      0.05384637415409088,
      0.09192531555891037,
      0.8221112489700317,
      0.23345240950584412,
      0.5162784457206726,
      0.24971243739128113,
      0.7185878753662109,
      0.21192698180675507,
      0.623431921005249,
      0.37014341354370117,
      0.7774593830108643,
      0.09315508604049683,
      0.7733330726623535,
      0.1397346705198288,
      0.7982601523399353,
      0.1284807175397873,
      0.17795008420944214,
      0.31407833099365234,
      0.45160266757011414,
      0.6758312582969666,
      0.8332899212837219,
      0.7721902132034302,
      0.4705129563808441,
      0.8056985139846802,
      0.5152878165245056,
      0.7857805490493774,
      0.32511964440345764,
      0.04307230934500694,
      0.544415295124054,
      0.17635835707187653,
      0.006997497286647558,
      0.6246717572212219,
      0.16627413034439087,
      0.8532344102859497,
      0.843496561050415,
      0.07055140286684036,
      0.09807749092578888,
      0.8152741193771362,
      0.8653775453567505,
      0.8804574608802795,
      0.03398501127958298,
      0.2352549433708191,
      0.8111856579780579,
      0.35346323251724243,
      0.08946619182825089,
      0.10705104470252991,
      0.6486836671829224,
      0.058983299881219864,
      0.16802312433719635,
      0.5276172161102295,
      0.600532054901123,
      0.0799921527504921,
      0.7175558805465698,
      0.30490171909332275,
      0.11225935071706772,
      0.6143670082092285,
      0.30584028363227844,
      0.8483598828315735,
      0.8439770936965942,
      0.07345638424158096,
      0.07604070007801056,
      0.8340624570846558,
      0.9254724383354187,
      0.8817993402481079,
      0.1230832040309906,
      0.814911425113678,
      0.05766100436449051,
      0.06374300271272659,
      0.02619178034365177,
      0.08561719954013824,
      0.1604241132736206,
      0.818082332611084,
      0.08165688812732697,
      0.8500425219535828,
      0.17476706206798553,
      0.8894902467727661,
      0.43635496497154236,
      0.2886514961719513,
      0.18278105556964874,
      0.2197907567024231,
      0.19123686850070953,
      0.7926164865493774,
      0.18100605905056,
      0.1285330057144165,
      0.09615599364042282,
      0.8750234842300415,
      0.7966883182525635,
      0.5605336427688599,
      0.3465617001056671,
      0.09332999587059021,
      0.5958554744720459,
      0.47856417298316956,
      0.7536951899528503,
      0.8735984563827515,
      0.7222263813018799,
      0.23737452924251556,
      0.49648526310920715,
      0.21700522303581238,
      0.06494025886058807,
      0.08535107225179672,
      0.07270973175764084,
      0.15760794281959534,
      0.1402929276227951,
      0.03173438832163811,
      0.6684054136276245,
      0.4013998806476593,
      0.06094519793987274,
      0.046483248472213745,
      0.8258552551269531,
      0.1559543013572693,
      0.44642794132232666,
      0.43111804127693176,
      0.190538227558136,
      0.3657324016094208,
      0.6781541705131531,
      0.8403944373130798,
      0.8696722388267517,
      0.5114768743515015,
      0.14583900570869446,
      0.1383046805858612,
      0.17882174253463745,
      0.26868972182273865,
      0.09300701320171356,
      0.26434943079948425,
      0.17408421635627747,
      0.18903334438800812,
      0.21788619458675385,
      0.6401642560958862,
      0.5038473010063171,
      0.062378525733947754,
      0.8578617572784424,
      0.07607487589120865,
      0.39477720856666565,
      0.8368229866027832,
      0.10611969977617264,
      0.05139107629656792,
      0.26671740412712097,
      0.022832946851849556,
      0.21801212430000305,
      0.08093215525150299,
