{
  "Random Forest": {
    "accuracy": 0.9855907780979827,
    "precision": 0.9941176470588236,
    "recall": 0.976878612716763,
    "f1": 0.9854227405247813,
    "confusion_matrix": [
      [
        173,
        1
      ],
      [
        4,
        169
      ]
    ],
    "roc_auc": 0.9963623679489735
  },
  "Siamese Network": {
    "accuracy": 0.8904899135446686,
    "precision": 0.8729281767955801,
    "recall": 0.9132947976878613,
    "f1": 0.8926553672316384,
    "roc_auc": 0.9577436715168428,
    "predictions": [
      0.09760936349630356,
      0.20340977609157562,
      0.9998008608818054,
      0.34229105710983276,
      0.9639538526535034,
      0.9521776437759399,
      0.35354936122894287,
      0.03950238972902298,
      0.9208424687385559,
      0.9887292981147766,
      0.8984488844871521,
      0.9894936084747314,
      0.9984878301620483,
      0.0006736635114066303,
      0.7842280268669128,
      0.9980023503303528,
      0.745417058467865,
      0.5906849503517151,
      0.007531631272286177,
      0.9981106519699097,
      0.9970086216926575,
      4.793303378392011e-05,
      0.006429116707295179,
      0.5379106402397156,
      0.36619865894317627,
      0.9883731007575989,
      0.03369775414466858,
      0.9622578620910645,
      0.9887696504592896,
      0.9915587902069092,
      0.03155778720974922,
      0.0010772573295980692,
      6.195872992975637e-05,
      0.11672662198543549,
      0.04236266389489174,
      0.825139045715332,
      0.9820095300674438,
      0.9930033087730408,
      0.6239680051803589,
      0.9958861470222473,
      0.0020881113596260548,
      0.8988122940063477,
      0.9908762574195862,
      0.004766410682350397,
      0.9942441582679749,
      0.9984844326972961,
      0.26321983337402344,
      0.0019385020714253187,
      0.9791731834411621,
      0.02811863087117672,
      0.021228015422821045,
      0.031798105686903,
      0.9901754260063171,
      0.02136007510125637,
      0.9674170613288879,
      0.34956827759742737,
      3.178996848873794e-05,
      0.4038882255554199,
      0.8892474174499512,
      0.0075061325915157795,
      0.0018594779539853334,
      0.9957269430160522,
      0.010772720910608768,
      0.9959696531295776,
      0.0038294519763439894,
      0.014805704355239868,
      0.9988877177238464,
      0.9994649291038513,
      0.9978917241096497,
      0.0012061117449775338,
      0.0010673718061298132,
      0.06711389869451523,
      0.9995500445365906,
      0.9974281191825867,
      0.9973166584968567,
      0.00016484885418321937,
      0.0020035593770444393,
      0.05424271896481514,
      0.9992941617965698,
      0.0005395333864726126,
      0.9290522933006287,
      0.9941055774688721,
      0.05545568838715553,
      0.9843797087669373,
      0.9782317280769348,
      0.13712178170681,
      0.28819504380226135,
      0.9983968138694763,
      0.9884172081947327,
      0.9997039437294006,
      0.1755259782075882,
      0.01731034554541111,
      0.0264421459287405,
      0.10197103768587112,
      0.0023146977182477713,
      0.04004344716668129,
      0.3101682960987091,
      0.98970627784729,
      0.0034203690011054277,
      0.7918515205383301,
      0.9871663451194763,
      0.9997822642326355,
      0.8041476011276245,
      0.8564596176147461,
      0.9926894307136536,
      0.9941049814224243,
      0.9944201111793518,
      0.0010519700590521097,
      0.5864846110343933,
      0.19680781662464142,
      0.7898749709129333,
      0.9470970630645752,
      0.0302785262465477,
      0.9857714176177979,
      0.258151650428772,
      0.9949846267700195,
      0.4339201748371124,
      0.011890486814081669,
      0.04238519445061684,
      0.02519761025905609,
      0.02756250463426113,
      0.41604524850845337,
      0.8631806373596191,
      0.9376035928726196,
      0.004685461521148682,
      0.9967928528785706,
      3.9981063309824094e-05,
      0.9073528051376343,
      0.47604402899742126,
      0.9934275150299072,
      0.10707535594701767,
      0.958442747592926,
      0.0008005278650671244,
      0.9192975163459778,
      0.2626853883266449,
      0.0012618990149348974,
      0.03520594537258148,
      0.0016634593484923244,
      0.9629759788513184,
      0.992181658744812,
      0.9961910247802734,
      0.011534259654581547,
      0.9807416796684265,
      0.08009004592895508,
      0.025494400411844254,
      0.3985501229763031,
      0.9778046011924744,
      0.14309734106063843,
      0.13154886662960052,
      0.9535250663757324,
      0.9937347769737244,
      0.6452382802963257,
      0.7960209250450134,
      0.0611175112426281,
      0.9983458518981934,
      0.9981595873832703,
      0.9984499216079712,
      0.1407574713230133,
      0.9979606866836548,
      0.9519278407096863,
      0.0008184591424651444,
      0.942671537399292,
      0.011097951792180538,
      0.018407272174954414,
      0.409954696893692,
      7.04156409483403e-05,
      0.9625011086463928,
      0.9977763295173645,
      0.09761763364076614,
      0.03657522052526474,
      0.0003403079754207283,
      0.38332101702690125,
      0.006433714646846056,
      0.0531398169696331,
      0.9022796750068665,
      0.9951778650283813,
      0.0061687929555773735,
      0.92359858751297,
      0.5362525582313538,
      0.20485365390777588,
      0.9973697662353516,
      0.006292856298387051,
      0.9845470786094666,
      0.0014504740247502923,
      0.00020157534163445234,
      0.21551403403282166,
      0.38691264390945435,
      0.9819438457489014,
      0.9408654570579529,
      0.16620202362537384,
      0.707025945186615,
      0.03714136406779289,
      0.9894142150878906,
      0.9611465334892273,
      0.020937172695994377,
      0.9797288775444031,
      0.004979641642421484,
      0.9885032773017883,
      0.9358784556388855,
      0.7704039812088013,
      0.1760558784008026,
      0.9811708927154541,
      0.9867821931838989,
      0.0001794307609088719,
      0.009560206905007362,
      0.028932396322488785,
      0.9119822382926941,
      0.7143262624740601,
      0.4647086262702942,
      0.1505165696144104,
      0.9402769804000854,
      0.9927932024002075,
      0.003398835426196456,
      0.0022944053635001183,
      0.9931820034980774,
      0.9973945617675781,
      0.9968504309654236,
      0.020493900403380394,
      0.03853997215628624,
      0.03770996257662773,
      0.8101575374603271,
      0.13938505947589874,
      0.12279025465250015,
      0.880091667175293,
      0.9990424513816833,
      0.9971253275871277,
      0.9976281523704529,
      0.12402095645666122,
      0.9817376732826233,
      0.2828197777271271,
      0.0001494398748036474,
      0.9063163995742798,
      0.9859949946403503,
      0.9684743285179138,
      0.09625609964132309,
      0.8800249099731445,
      0.03334875777363777,
      0.008733322843909264,
      0.9935694932937622,
      0.15059255063533783,
      0.2425910085439682,
      0.00017116272647399455,
      0.006845154799520969,
      0.9934738278388977,
      0.8110180497169495,
      0.020866381004452705,
      0.9817165732383728,
      0.47677183151245117,
      0.0015935078263282776,
      0.9578685164451599,
      0.566895067691803,
      0.9700077772140503,
      0.9362581372261047,
      0.038475267589092255,
      0.9912950992584229,
      0.5591722130775452,
      0.9113867878913879,
      0.0008314679726026952,
      0.025129077956080437,
      0.006193172186613083,
      0.0018431172939017415,
      0.017805306240916252,
      0.9932987689971924,
      0.9991113543510437,
      0.9800149202346802,
      0.9991114735603333,
      0.7525395750999451,
      0.9999123811721802,
      0.9731799960136414,
      0.9986249208450317,
      0.04588358849287033,
      0.9498242139816284,
      0.9191692471504211,
      0.002371791284531355,
      0.024075159803032875,
      0.006512647029012442,
      0.9429370760917664,
      0.4211891293525696,
      0.9973434805870056,
