{
  "Random Forest": {
    "accuracy": 0.9233576642335767,
    "precision": 0.8717948717948718,
    "recall": 0.9927007299270073,
    "f1": 0.9283276450511946,
    "confusion_matrix": [
      [
        117,
        20
      ],
      [
        1,
        136
      ]
    ],
    "roc_auc": 0.9583355533059833
  },
  "Siamese Network": {
    "accuracy": 0.8102189781021898,
    "precision": 0.9207920792079208,
    "recall": 0.6788321167883211,
    "f1": 0.7815126050420168,
    "roc_auc": 0.9049496510202996,
    "predictions": [
      0.1650305837392807,
      0.23005995154380798,
      0.2185642123222351,
      0.3575212359428406,
      0.3626183569431305,
      0.6455602645874023,
      0.12229481339454651,
      0.7804356813430786,
      0.15896442532539368,
      0.06734553724527359,
      0.8212945461273193,
      0.24356906116008759,
      0.42585745453834534,
      0.21317169070243835,
      0.797572672367096,
      0.24181729555130005,
      0.14737007021903992,
      0.07074074447154999,
      0.37111470103263855,
      0.8780568838119507,
      0.9066245555877686,
      0.44128620624542236,
      0.7919824123382568,
      0.4816674292087555,
      0.09657624363899231,
      0.4802486002445221,
      0.22155816853046417,
      0.3094755709171295,
      0.17819690704345703,
      0.4433187246322632,
      0.6278371214866638,
      0.811355471611023,
      0.3620493412017822,
      0.09212782233953476,
      0.31833574175834656,
      0.5956981182098389,
      0.32688379287719727,
      0.44444510340690613,
      0.7028176188468933,
      0.1963777095079422,
      0.06353297084569931,
      0.1223205178976059,
      0.0869666039943695,
      0.1927051544189453,
      0.1403512805700302,
      0.17768511176109314,
      0.1462979018688202,
      0.17983028292655945,
      0.7232523560523987,
      0.5386610627174377,
      0.3522357940673828,
      0.5810399651527405,
      0.7471981048583984,
      0.7751353979110718,
      0.8107805252075195,
      0.2741735279560089,
      0.7329006791114807,
      0.05583374947309494,
      0.3017382323741913,
      0.03261195495724678,
      0.8329682946205139,
      0.20573724806308746,
      0.6640486121177673,
      0.501351535320282,
      0.532672107219696,
      0.08582814782857895,
      0.1265038102865219,
      0.08944034576416016,
      0.04300263151526451,
      0.08666753768920898,
      0.6781198382377625,
      0.7719324827194214,
      0.026132015511393547,
      0.4613300561904907,
      0.2911131978034973,
      0.06916297972202301,
      0.19299949705600739,
      0.3922988176345825,
      0.4336400032043457,
      0.22287076711654663,
      0.7207506895065308,
      0.5177683234214783,
      0.13965661823749542,
      0.580854058265686,
      0.12705260515213013,
      0.1952991932630539,
      0.3682471811771393,
      0.10163382440805435,
      0.07581824064254761,
      0.12241727858781815,
      0.6023865938186646,
      0.5418761968612671,
      0.7308324575424194,
      0.3591364324092865,
      0.4207580089569092,
      0.22424031794071198,
      0.7956664562225342,
      0.5544455647468567,
      0.3495675325393677,
      0.6244226694107056,
      0.05218745395541191,
      0.7005387544631958,
      0.17760543525218964,
      0.20033465325832367,
      0.23221859335899353,
      0.06196509301662445,
      0.09765426814556122,
      0.8746787905693054,
      0.8657628297805786,
      0.7028812170028687,
      0.3248598575592041,
      0.18074765801429749,
      0.39430004358291626,
      0.07773927599191666,
      0.39038193225860596,
      0.3140336573123932,
      0.8648651242256165,
      0.7592007517814636,
      0.6916264891624451,
      0.7465754151344299,
      0.7547385692596436,
      0.7471791505813599,
      0.3717540502548218,
      0.2533611059188843,
      0.6844107508659363,
      0.17939361929893494,
      0.10265687108039856,
      0.5775467753410339,
      0.8001943826675415,
      0.8171660304069519,
      0.29294949769973755,
      0.8921196460723877,
      0.3464719355106354,
      0.7163121700286865,
      0.8515077233314514,
      0.7185693979263306,
      0.1289030760526657,
      0.48301875591278076,
      0.19663658738136292,
      0.7573428153991699,
      0.38196372985839844,
      0.3515450060367584,
      0.40669187903404236,
      0.8082634806632996,
      0.48493334650993347,
      0.27232205867767334,
      0.6265987157821655,
      0.16387179493904114,
      0.09725631028413773,
      0.5436158776283264,
      0.48615914583206177,
      0.22506025433540344,
      0.531492292881012,
      0.5314731597900391,
      0.3484532833099365,
      0.24171873927116394,
      0.6566108465194702,
      0.6395366787910461,
      0.12845002114772797,
      0.06564389914274216,
      0.5563392639160156,
      0.5149617791175842,
      0.1848578155040741,
      0.12658163905143738,
      0.7983856201171875,
      0.06156885623931885,
      0.3113606572151184,
      0.24013233184814453,
      0.3797198235988617,
      0.7319351434707642,
      0.5385752320289612,
      0.8960191011428833,
      0.4653030335903168,
      0.863895833492279,
      0.7863353490829468,
      0.46675142645835876,
      0.8321303725242615,
      0.6384693384170532,
      0.0791076123714447,
      0.3947089612483978,
      0.39184901118278503,
      0.7130251526832581,
      0.02156899869441986,
      0.5883356928825378,
      0.36823251843452454,
      0.18803609907627106,
      0.4196396470069885,
      0.3092555105686188,
      0.0864783301949501,
      0.8509231209754944,
      0.20109786093235016,
      0.5943401455879211,
      0.27051159739494324,
      0.29247039556503296,
      0.24491356313228607,
      0.06629353016614914,
      0.18290045857429504,
      0.14527668058872223,
      0.6701997518539429,
      0.4250941872596741,
      0.6500194072723389,
      0.10574109852313995,
      0.1831776350736618,
      0.0717332512140274,
      0.8565856218338013,
      0.6242180466651917,
      0.7353706359863281,
      0.8005642294883728,
      0.02437100186944008,
      0.07726971805095673,
      0.38930484652519226,
      0.2406248301267624,
      0.1801496297121048,
      0.8355743288993835,
      0.6498575210571289,
      0.2759442627429962,
      0.8232577443122864,
      0.82831871509552,
      0.7513668537139893,
      0.26055583357810974,
      0.28850018978118896,
      0.84819096326828,
      0.3370037078857422,
      0.6261889338493347,
      0.41092708706855774,
      0.5277019739151001,
      0.6898130774497986,
      0.3320380747318268,
      0.18127506971359253,
      0.12924526631832123,
      0.07395387440919876,
      0.17617397010326385,
      0.6656149625778198,
      0.09719964116811752,
      0.019237902015447617,
      0.11195454746484756,
      0.27711746096611023,
      0.6363309025764465,
      0.414724737405777,
      0.6982882618904114,
      0.33106839656829834,
      0.8994771242141724,
      0.2570893168449402,
      0.1943511813879013,
      0.12181559950113297,
      0.11747860908508301,
      0.6883516907691956,
      0.05020979419350624,
      0.06010052189230919,
      0.043349768966436386,
      0.6809788942337036,
      0.12644268572330475,
      0.3497956097126007,
      0.7857438921928406,
      0.5405359268188477,
      0.5696668028831482,
      0.1787961721420288,
      0.32510319352149963,
      0.1327381730079651,
      0.19990375638008118,
      0.5935385227203369,
      0.29479941725730896,
      0.45661094784736633,
      0.8819519281387329,
      0.4728866517543793,
      0.6130799055099487,
      0.17613662779331207,
      0.15988785028457642,
      0.22675423324108124,
      0.6220549941062927,
      0.3338695466518402,
      0.04343968629837036,
      0.48521688580513,
      0.07660511136054993
    ],