{
  "Random Forest": {
    "accuracy": 0.8528301886792453,
    "precision": 0.8163265306122449,
    "recall": 0.9090909090909091,
    "f1": 0.8602150537634409,
    "confusion_matrix": [
      [
        106,
        27
      ],
      [
        12,
        120
      ]
    ],
    "roc_auc": 0.9233310549100023
  },
  "Siamese Network": {
    "accuracy": 0.939622641509434,
    "precision": 0.9264705882352942,
    "recall": 0.9545454545454546,
    "f1": 0.9402985074626866,
    "roc_auc": 0.9884370015948962,
    "predictions": [
      0.9644468426704407,
      0.9913434982299805,
      0.7257383465766907,
      0.0028770440258085728,
      0.0668845921754837,
      0.990075409412384,
      0.9953082203865051,
      0.9929781556129456,
      0.0060227736830711365,
      0.9845162630081177,
      0.01789008639752865,
      0.5602808594703674,
      0.9945923686027527,
      0.7768307328224182,
      0.9747914671897888,
      0.0049284677952528,
      0.018111228942871094,
      0.982079029083252,
      0.03600436821579933,
      0.10113828629255295,
      0.14525559544563293,
      0.9887226819992065,
      0.983035683631897,
      0.8861587047576904,
      0.05088304355740547,
      0.12237613648176193,
      0.2379606068134308,
      0.7256814241409302,
      0.14027389883995056,
      0.9833689332008362,
      0.4822353422641754,
      0.03633284568786621,
      0.9858387112617493,
      0.01936320960521698,
      0.1103438138961792,
      0.9936844706535339,
      0.002370005939155817,
      0.9920172691345215,
      0.9945476651191711,
      0.08501293510198593,
      0.8439328074455261,
      0.8811101913452148,
      0.9867428541183472,
      0.9890073537826538,
      0.024898264557123184,
      0.9852892756462097,
      0.012349213473498821,
      0.9764935374259949,
      0.013298829086124897,
      0.396830290555954,
      0.04813960939645767,
      0.030815180391073227,
      0.026835370808839798,
      0.99472576379776,
      0.012650134973227978,
      0.9971444010734558,
      0.024552077054977417,
      0.9324273467063904,
      0.008752373047173023,
      0.03156255930662155,
      0.9871816635131836,
      0.9980878233909607,
      0.006302184425294399,
      0.8286254405975342,
      0.3823206424713135,
      0.010406394489109516,
      0.9953725934028625,
      0.010299431160092354,
      0.9933016300201416,
      0.9799378514289856,
      0.9944654107093811,
      0.9987697005271912,
      0.0023206262849271297,
      0.03202252835035324,
      0.7520609498023987,
      0.01602359116077423,
      0.8720365762710571,
      0.997234046459198,
      0.5342013239860535,
      0.9954232573509216,
      0.0023572249338030815,
      0.9324984550476074,
      0.9966771602630615,
      0.8119527101516724,
      0.006027968600392342,
      0.96169513463974,
      0.13246650993824005,
      0.24540653824806213,
      0.9225300550460815,
      0.1172705739736557,
      0.6159800291061401,
      0.9936631917953491,
      0.40460169315338135,
      0.9810028076171875,
      0.9960471987724304,
      0.02134285867214203,
      0.031903523951768875,
      0.9950869679450989,
      0.9960404634475708,
      0.9948216676712036,
      0.046064674854278564,
      0.00898734387010336,
      0.9557840824127197,
      0.10392604768276215,
      0.0036179551389068365,
      0.04520018771290779,
      0.9666808247566223,
      0.07669585943222046,
      0.41182026267051697,
      0.417094349861145,
      0.015239681117236614,
      0.9954227805137634,
      0.025110196322202682,
      0.016597256064414978,
      0.012220374308526516,
      0.25503605604171753,
      0.9951477646827698,
      0.9958980679512024,
      0.9267460703849792,
      0.0754757970571518,
      0.9842727184295654,
      0.9798097610473633,
      0.9935590624809265,
      0.9969511032104492,
      0.9945945143699646,
      0.889814019203186,
      0.008451174944639206,
      0.055447496473789215,
      0.026778606697916985,
      0.8951382040977478,
      0.9214993119239807,
      0.14151650667190552,
      0.16498103737831116,
      0.0112357372418046,
      0.861517608165741,
      0.9427713751792908,
      0.9910838603973389,
      0.9932199120521545,
      0.9270402193069458,
      0.9951009154319763,
      0.8735675811767578,
      0.058199554681777954,
      0.990186333656311,
      0.04213537275791168,
      0.9945184588432312,
      0.6037635803222656,
      0.6972419619560242,
      0.9933881759643555,
      0.02618076093494892,
      0.39282920956611633,
      0.10417954623699188,
      0.9747274518013,
      0.06524182111024857,
      0.9795088768005371,
      0.012572494335472584,
      0.03636926785111427,
      0.3572860658168793,
      0.037686143070459366,
      0.573678731918335,
      0.9931895732879639,
      0.9959099292755127,
      0.8389143347740173,
      0.1611546277999878,
      0.0721183642745018,
      0.9944726824760437,
      0.9239964485168457,
      0.9978718757629395,
      0.9928677082061768,
      0.0062656705267727375,
      0.0036350504960864782,
      0.9755364656448364,
      0.0056100389920175076,
      0.26651161909103394,
      0.9971901774406433,
      0.8625699877738953,
      0.7375748753547668,
      0.007411322556436062,
      0.07077545672655106,
      0.0703825056552887,
      0.9944994449615479,
      0.167814701795578,
      0.9890232086181641,
      0.996462881565094,
      0.9812192320823669,
      0.09764139354228973,
      0.060425400733947754,
      0.005377809517085552,
      0.03745536878705025,
      0.11924231052398682,
      0.003684807335957885,
      0.007026375271379948,
      0.07677575200796127,
      0.05433497950434685,
      0.9970537424087524,
      0.07390535622835159,
      0.0506175272166729,
      0.9973638653755188,
      0.9835878014564514,
      0.007688374724239111,
      0.1634448766708374,
      0.043452754616737366,
      0.9944897890090942,
      0.01845473237335682,
      0.05630677565932274,
      0.9899769425392151,
      0.04809027910232544,
      0.9827209115028381,
      0.9920050501823425,
      0.021637186408042908,
      0.990767776966095,
      0.979282021522522,
      0.018854765221476555,
      0.9886121153831482,
      0.9885743856430054,
      0.021731900051236153,
      0.048313483595848083,
      0.9963950514793396,
      0.651881992816925,
      0.03899237886071205,
      0.984257161617279,
      0.9932629466056824,
      0.12280020862817764,
      0.9949747323989868,
      0.010666144080460072,
      0.9926270842552185,
      0.9942803382873535,
      0.040458858013153076,
      0.069735087454319,
      0.05846892669796944,
      0.8354333639144897,
      0.09959983080625534,
      0.9879528880119324,
      0.017669863998889923,
      0.006161022000014782,
      0.9292408227920532,
      0.99391770362854,
      0.06301239132881165,
      0.10386782139539719,
      0.9953979849815369,
      0.982821524143219,
      0.0025915117003023624,
      0.9907389879226685,
      0.0197493564337492,
      0.9948169589042664,
      0.9902251362800598,
      0.9033502340316772,
      0.00890385638922453,
      0.0151981171220541,
      0.017035581171512604,
      0.9917045831680298,
      0.5639877915382385,
      0.6097416281700134,
      0.01622355915606022,
      0.3244364857673645,
      0.9948829412460327,
      0.9688989520072937,
      0.9909632802009583,
      0.27291423082351685,
      0.03210878372192383,
      0.002145437989383936,
      0.19231216609477997,
      0.9973716735839844,
      0.05900151655077934,
      0.9816169738769531,
      0.9943161606788635
    ],