{
  "Random Forest": {
    "accuracy": 0.8528301886792453,
    "precision": 0.8079470198675497,
    "recall": 0.9242424242424242,
    "f1": 0.8621908127208481,
    "confusion_matrix": [
      [
        104,
        29
      ],
      [
        10,
        122
      ]
    ],
    "roc_auc": 0.913362952836637
  },
  "Siamese Network": {
    "accuracy": 0.9584905660377359,
    "precision": 0.9618320610687023,
    "recall": 0.9545454545454546,
    "f1": 0.9581749049429658,
    "roc_auc": 0.9858737753474595,
    "predictions": [
      0.9941080808639526,
      0.9988883137702942,
      0.061809562146663666,
      0.0006691351882182062,
      0.035470977425575256,
      0.9956327080726624,
      0.9991191029548645,
      0.9996203184127808,
      0.0002728828985709697,
      0.9973800778388977,
      0.014775005169212818,
      0.3118545413017273,
      0.9995884299278259,
      0.9348151683807373,
      0.9974867105484009,
      0.000494301610160619,
      0.0020581225398927927,
      0.9725635647773743,
      0.0005861354293301702,
      0.02443039044737816,
      0.09194929897785187,
      0.9800766110420227,
      0.9988446235656738,
      0.9473013281822205,
      0.06025243550539017,
      0.012770701199769974,
      0.03325788676738739,
      0.8418111205101013,
      0.03456598520278931,
      0.9944407343864441,
      0.782436728477478,
      0.017962155863642693,
      0.996126115322113,
      0.0014542650897055864,
      0.006143071223050356,
      0.9984850287437439,
      7.361871394095942e-05,
      0.998969554901123,
      0.9983367919921875,
      0.06621372699737549,
      0.9495242238044739,
      0.944093644618988,
      0.9981232285499573,
      0.9994630217552185,
      0.001589735853485763,
      0.9982820749282837,
      0.0060595921240746975,
      0.9812684655189514,
      0.003946872428059578,
      0.17276984453201294,
      0.0032724894117563963,
      0.0032391822896897793,
      0.00793384201824665,
      0.999173104763031,
      0.0003894070687238127,
      0.9990352392196655,
      0.005026953760534525,
      0.9916227459907532,
      0.00032440832001157105,
      0.0018163224449381232,
      0.9993821382522583,
      0.9999425411224365,
      0.0011841536033898592,
      0.4748188853263855,
      0.150773286819458,
      0.00311102787964046,
      0.9997394680976868,
      0.0027924664318561554,
      0.9993953704833984,
      0.9963776469230652,
      0.9998077750205994,
      0.999609649181366,
      0.0001397808809997514,
      0.005881180055439472,
      0.9477797150611877,
      0.0015224374365061522,
      0.9459506273269653,
      0.9997093081474304,
      0.5801292657852173,
      0.9998565912246704,
      0.0003357976966071874,
      0.9866808652877808,
      0.9989100694656372,
      0.8435410857200623,
      0.001395990839228034,
      0.9028690457344055,
      0.17804129421710968,
      0.2407820224761963,
      0.9836940169334412,
      0.004166269674897194,
      0.24827361106872559,
      0.9984304308891296,
      0.9164025783538818,
      0.9967701435089111,
      0.9998243451118469,
      0.0008562689181417227,
      0.002320570172742009,
      0.9992075562477112,
      0.9995075464248657,
      0.9996204376220703,
      0.01383258681744337,
      0.00019058497855439782,
      0.9476435780525208,
      0.027424847707152367,
      0.0004955333424732089,
      0.02875852957367897,
      0.9988816380500793,
      0.0285003911703825,
      0.7396422028541565,
      0.3246360421180725,
      0.0031230712775141,
      0.9995191097259521,
      0.0006333888741210103,
      0.06154761463403702,
      0.0015521589666604996,
      0.03358282148838043,
      0.9996446371078491,
      0.9995355606079102,
      0.9694896340370178,
      0.038729362189769745,
      0.999588668346405,
      0.9993222951889038,
      0.9966950416564941,
      0.9999144077301025,
      0.9984209537506104,
      0.9874560236930847,
      0.02859201468527317,
      0.006542341783642769,
      0.005800441838800907,
      0.9770442843437195,
      0.9773378372192383,
      0.24099200963974,
      0.029602520167827606,
      0.0016618194058537483,
      0.9900520443916321,
      0.9621998071670532,
      0.9997087121009827,
      0.9996479749679565,
      0.9957637786865234,
      0.996788501739502,
      0.9443378448486328,
      0.0058572250418365,
      0.9991896748542786,
      0.010588062927126884,
      0.9990052580833435,
      0.27041828632354736,
      0.3530053198337555,
      0.9990739822387695,
      0.026541413739323616,
      0.7850044965744019,
      0.02506301738321781,
      0.9910004734992981,
      0.004815711174160242,
      0.998934805393219,
      0.0004508578567765653,
      0.004626603331416845,
      0.3540198504924774,
      0.0021941137965768576,
      0.2712728977203369,
      0.9986086487770081,
      0.999906063079834,
      0.7523136734962463,
      0.025426989421248436,
      0.16756722331047058,
      0.9994292855262756,
      0.9713367819786072,
      0.9995207786560059,
      0.9987668991088867,
      0.0009106138022616506,
      0.00023827917175367475,
      0.9977309107780457,
      0.0035461948718875647,
      0.024744659662246704,
      0.9999188184738159,
      0.9773977398872375,
      0.9870421886444092,
      0.0017464135307818651,
      0.0020354250445961952,
      0.0016070872079581022,
      0.9995951056480408,
      0.012548205442726612,
      0.9997239708900452,
      0.9997010231018066,
      0.9989296793937683,
      0.0101145775988698,
      0.11305830627679825,
      0.00012414957745932043,
      0.00364528875797987,
      0.3049986660480499,
      0.003997115883976221,
      7.057577749947086e-05,
      0.07554878294467926,
      0.0035446351394057274,
      0.9996967315673828,
      0.013549594208598137,
      0.0018676166655495763,
      0.999776303768158,
      0.9941661357879639,
      0.014832701534032822,
      0.05445419251918793,
      0.006361216306686401,
      0.9990876913070679,
      0.0004891709540970623,
      0.005739058367908001,
      0.9980019927024841,
      0.009309898130595684,
      0.9982314705848694,
      0.9996722936630249,
      0.002251655561849475,
      0.9984216690063477,
      0.9982663989067078,
      0.001271396060474217,
      0.9980144500732422,
      0.999146580696106,
      0.006168182473629713,
      0.10757213830947876,
      0.9990893602371216,
      0.9605432748794556,
      0.002140890806913376,
      0.9936984777450562,
      0.9995629191398621,
      0.018162904307246208,
      0.9996249675750732,
      0.017884617671370506,
      0.9986649751663208,
      0.9997640252113342,
      0.0649988204240799,
      0.06991910934448242,
      0.054654043167829514,
      0.96809321641922,
      0.3945298194885254,
      0.9969269633293152,
      0.006442914716899395,
      0.000786035496275872,
      0.993911623954773,
      0.9995204210281372,
      0.008828959427773952,
      0.040964171290397644,
      0.9996345043182373,
      0.9971164464950562,
      0.0001326011843048036,
      0.9985547661781311,
      0.0057832421734929085,
      0.9996891021728516,
      0.9989369511604309,
      0.8729205131530762,
      0.0003966589574702084,
      0.0008634107653051615,
      0.0021205220837146044,
      0.9979323148727417,
      0.4218626022338867,
      0.2055557817220688,
      0.006288394331932068,
      0.20641092956066132,
      0.9984563589096069,
      0.9977191090583801,
      0.999518871307373,
      0.09317760169506073,
      0.023762859404087067,
      0.000874931865837425,
      0.0045778085477650166,
      0.9998458623886108,
      0.004844016395509243,
      0.9983652234077454,
      0.9988552331924438
    ],