{
  "Random Forest": {
    "accuracy": 0.8962536023054755,
    "precision": 0.8702702702702703,
    "recall": 0.930635838150289,
    "f1": 0.8994413407821229,
    "confusion_matrix": [
      [
        150,
        24
      ],
      [
        12,
        161
      ]
    ],
    "roc_auc": 0.9461497574911966
  },
  "Siamese Network": {
    "accuracy": 0.7780979827089337,
    "precision": 0.7580645161290323,
    "recall": 0.815028901734104,
    "f1": 0.7855153203342619,
    "roc_auc": 0.8537970898943592,
    "predictions": [
      0.032111264765262604,
      0.007150996942073107,
      0.6175550818443298,
      0.12746590375900269,
      0.909199595451355,
      0.7561203241348267,
      0.02046704851090908,
      0.13151471316814423,
      0.9826287031173706,
      0.037455737590789795,
      0.4259118437767029,
      0.9958819150924683,
      0.010193069465458393,
      0.849290668964386,
      0.5260409712791443,
      0.12701503932476044,
      0.055909447371959686,
      0.0011635266710072756,
      0.9383479356765747,
      0.3660801351070404,
      0.735090970993042,
      0.8674063682556152,
      0.4441717565059662,
      0.5218439698219299,
      0.020469889044761658,
      0.7298378944396973,
      0.028059283271431923,
      0.1602344661951065,
      0.9889926314353943,
      0.9897184371948242,
      0.9762061834335327,
      0.03979862481355667,
      0.13152343034744263,
      0.6684209704399109,
      0.9918354749679565,
      0.09498076885938644,
      0.3513418436050415,
      0.9652531743049622,
      0.9373101592063904,
      0.25670796632766724,
      0.9762744307518005,
      0.05190533027052879,
      0.9804900288581848,
      0.7673359513282776,
      0.01604783907532692,
      0.9882367253303528,
      0.9764642119407654,
      0.15184126794338226,
      0.08467080444097519,
      0.25390663743019104,
      0.7883336544036865,
      0.9083034992218018,
      0.9780576825141907,
      0.10846111178398132,
      0.7750214338302612,
      0.4922882318496704,
      0.9430528879165649,
      0.15677058696746826,
      0.42194223403930664,
      0.621167004108429,
      0.5623166561126709,
      0.15738677978515625,
      0.564171552658081,
      0.08629392087459564,
      0.9501748085021973,
      0.989930272102356,
      0.4520353376865387,
      0.6266088485717773,
      0.9487783908843994,
      0.03666691482067108,
      0.09135674685239792,
      0.9303396344184875,
      0.9947972893714905,
      0.9099834561347961,
      0.03617468476295471,
      0.6305543184280396,
      0.994428277015686,
      0.12363860011100769,
      0.8075891733169556,
      0.0019756632391363382,
      0.08639388531446457,
      0.8214024901390076,
      0.9570887088775635,
      0.9938207268714905,
      0.8521696329116821,
      0.8652384877204895,
      0.8733783960342407,
      0.16950201988220215,
      0.6916254758834839,
      0.6880891919136047,
      0.5925249457359314,
      0.015018006786704063,
      0.20358504354953766,
      0.0034337607212364674,
      0.27487480640411377,
      0.9726612567901611,
      0.8831897974014282,
      0.988819420337677,
      0.9398930072784424,
      0.9403181076049805,
      0.1457499861717224,
      0.722362756729126,
      0.9139624834060669,
      0.3935997486114502,
      0.832251250743866,
      0.4603326618671417,
      0.9762601256370544,
      0.2881571054458618,
      0.8541103601455688,
      0.5945373773574829,
      0.4947199523448944,
      0.9728232026100159,
      0.0032686623744666576,
      0.6501885056495667,
      0.49747639894485474,
      0.030756255611777306,
      0.01321539469063282,
      0.7223531603813171,
      0.7107359170913696,
      0.9949851036071777,
      0.9452462792396545,
      0.9814915657043457,
      0.8089795112609863,
      0.06775526702404022,
      0.10218475013971329,
      0.7919098734855652,
      0.511980414390564,
      0.6641451716423035,
      0.0011504830326884985,
      0.7744054198265076,
      0.9491147994995117,
      0.9906469583511353,
      0.5690745115280151,
      0.2932019531726837,
      0.9164790511131287,
      0.41073670983314514,
      0.9678001403808594,
      0.4783245325088501,
      0.28735774755477905,
      0.44663360714912415,
      0.01721285656094551,
      0.0274976659566164,
      0.4526309669017792,
      0.9604281187057495,
      0.04003486782312393,
      0.963070809841156,
      0.8226243257522583,
      0.21757374703884125,
      0.05570778250694275,
      0.09470593184232712,
      0.5802244544029236,
      0.9901756644248962,
      0.02961798384785652,
      0.8058959245681763,
      0.9874753355979919,
      0.19136959314346313,
      0.9531436562538147,
      0.29892849922180176,
      0.9975658655166626,
      0.9934496283531189,
      0.003973411396145821,
      0.7414928078651428,
      0.535736620426178,
      0.23402327299118042,
      0.9656539559364319,
      0.9562232494354248,
      0.9912772178649902,
      0.9665223360061646,
      0.8405720591545105,
      0.9188365936279297,
      0.9417121410369873,
      0.9095614552497864,
      0.01949692890048027,
      0.8390499949455261,
      0.8330813646316528,
      0.6043951511383057,
      0.6751364469528198,
      0.7879002094268799,
      0.916205883026123,
      0.9848629832267761,
      0.531597375869751,
      0.0039706043899059296,
      0.6507698893547058,
      0.6115015149116516,
      0.639765739440918,
      0.7945611476898193,
      0.5117660760879517,
      0.494855135679245,
      0.03015761263668537,
      0.9724299907684326,
      0.013332189992070198,
      0.31382831931114197,
      0.06166158616542816,
      0.986407995223999,
      0.5504752993583679,
      0.9948275685310364,
      0.9813350439071655,
      0.995795726776123,
      0.985831081867218,
      0.5732337236404419,
      0.9914252758026123,
      0.6366251707077026,
      0.25986844301223755,
      0.0004799992893822491,
      0.9920647740364075,
      0.09573137760162354,
      0.009673559106886387,
      0.004983347840607166,
      0.48415595293045044,
      0.15517635643482208,
      0.7250140309333801,
      0.7946516275405884,
      0.32611793279647827,
      0.3458886742591858,
      0.4513130486011505,
      0.24900056421756744,
      0.9484962224960327,
      0.7634342312812805,
      0.6616721749305725,
      0.002497565234079957,
      0.16358493268489838,
      0.9900169968605042,
      0.973024308681488,
      0.9495536088943481,
      0.7809566259384155,
      0.31635937094688416,
      0.31806716322898865,
      0.8597100377082825,
      0.9713150262832642,
      0.4650346338748932,
      0.005761568900197744,
      0.7557116150856018,
      0.19219453632831573,
      0.0010643419809639454,
      0.8145954012870789,
      0.04887060075998306,
      0.13937008380889893,
      0.2734207212924957,
      0.719096302986145,
      0.47629961371421814,
      0.1168346181511879,
      0.028181474655866623,
      0.028114676475524902,
      0.09595552086830139,
      0.0015309768496081233,
      0.025096582248806953,
      0.007873357273638248,
      0.015574755147099495,
      0.5503129959106445,
      0.44944947957992554,
      0.055896610021591187,
      0.5886347889900208,
      0.9040936231613159,
      0.30646076798439026,
      0.26198339462280273,
      0.931778609752655,
      0.020659716799855232,
      0.9474149346351624,
      0.5237318873405457,
      0.2952955663204193,
      0.2275281548500061,
      0.9925461411476135,
      0.9088767766952515,
      0.2041410505771637,
      0.9853281378746033,
      0.018075615167617798,
      0.11357889324426651,
      0.6549018621444702,
      0.6565184593200684,
      0.2981920540332794,
      0.9953763484954834,
      0.9557011723518372,
      0.980317234992981,
      0.6046183705329895,
      0.9905703067779541,
      0.32388031482696533,
      0.9950167536735535,
      0.38604897260665894,
      0.012367629446089268,
      0.131783127784729,
      0.9537208080291748,
      0.062033671885728836,
