{
  "Random Forest": {
    "accuracy": 0.8528301886792453,
    "precision": 0.8163265306122449,
    "recall": 0.9090909090909091,
    "f1": 0.8602150537634409,
    "confusion_matrix": [
      [
        106,
        27
      ],
      [
        12,
        120
      ]
    ],
    "roc_auc": 0.9231601731601732
  },
  "Siamese Network": {
    "accuracy": 0.8415094339622642,
    "precision": 0.9591836734693877,
    "recall": 0.7121212121212122,
    "f1": 0.8173913043478261,
    "roc_auc": 0.9438368648894965,
    "predictions": [
      0.4270145297050476,
      0.7328225374221802,
      0.13638561964035034,
      0.049644358456134796,
      0.4263477325439453,
      0.566218376159668,
      0.9172587990760803,
      0.49904754757881165,
      0.12158846110105515,
      0.8221983909606934,
      0.1343318670988083,
      0.2589063048362732,
      0.8263562321662903,
      0.30819061398506165,
      0.8163407444953918,
      0.1278052181005478,
      0.18169982731342316,
      0.3947148621082306,
      0.11000943183898926,
      0.15522396564483643,
      0.3452432155609131,
      0.45994874835014343,
      0.8125150203704834,
      0.3065796196460724,
      0.05478912219405174,
      0.2342471480369568,
      0.20631137490272522,
      0.1587396115064621,
      0.07668429613113403,
      0.39525106549263,
      0.12715241312980652,
      0.08225790411233902,
      0.22128063440322876,
      0.3506608307361603,
      0.03030843287706375,
      0.9030128121376038,
      0.15707553923130035,
      0.5054560899734497,
      0.8941928148269653,
      0.06877236813306808,
      0.6853930950164795,
      0.2537071704864502,
      0.6848539710044861,
      0.8791691064834595,
      0.1915295422077179,
      0.6061402559280396,
      0.15251363813877106,
      0.32452306151390076,
      0.06133497506380081,
      0.11090090870857239,
      0.06159444898366928,
      0.02646973729133606,
      0.174963116645813,
      0.8853327035903931,
      0.0075487312860786915,
      0.778782069683075,
      0.06886055320501328,
      0.18338321149349213,
      0.10149175673723221,
      0.08302439749240875,
      0.7547502517700195,
      0.7354394793510437,
      0.16154687106609344,
      0.42724671959877014,
      0.4179834723472595,
      0.17226533591747284,
      0.7324008345603943,
      0.15172502398490906,
      0.812309980392456,
      0.7492855191230774,
      0.8068963289260864,
      0.7910842895507812,
      0.28502506017684937,
      0.23978100717067719,
      0.5116758942604065,
      0.12729832530021667,
      0.33533045649528503,
      0.7827506065368652,
      0.42977002263069153,
      0.8109623789787292,
      0.11262939125299454,
      0.5252448916435242,
      0.8278495669364929,
      0.47659939527511597,
      0.03843708708882332,
      0.6523298025131226,
      0.24884536862373352,
      0.15131144225597382,
      0.6378223896026611,
      0.2008902132511139,
      0.18612858653068542,
      0.7713661789894104,
      0.1352998912334442,
      0.3207484483718872,
      0.8189424872398376,
      0.34372833371162415,
      0.19305631518363953,
      0.7892581224441528,
      0.793161928653717,
      0.8543936014175415,
      0.03279036656022072,
      0.03368937969207764,
      0.5395567417144775,
      0.1530517041683197,
      0.022487308830022812,
      0.11166885495185852,
      0.607757568359375,
      0.2162557691335678,
      0.11967796832323074,
      0.40193814039230347,
      0.09806010872125626,
      0.8468238115310669,
      0.12223034352064133,
      0.026629649102687836,
      0.05031334608793259,
      0.5042109489440918,
      0.8547307848930359,
      0.7548200488090515,
      0.6811602115631104,
      0.10151772946119308,
      0.7251971960067749,
      0.4050385653972626,
      0.65436190366745,
      0.8929312825202942,
      0.6748402118682861,
      0.21777774393558502,
      0.11497499793767929,
      0.15030944347381592,
      0.5379880666732788,
      0.3987104892730713,
      0.11836143583059311,
      0.3600800931453705,
      0.331109881401062,
      0.05015100538730621,
      0.6727306246757507,
      0.23208041489124298,
      0.8180022239685059,
      0.8762776851654053,
      0.704937219619751,
      0.5723214149475098,
      0.5061637759208679,
      0.0954786092042923,
      0.7061067819595337,
      0.03969559445977211,
      0.7496115565299988,
      0.2896213233470917,
      0.17902053892612457,
      0.7772532105445862,
      0.08099235594272614,
      0.20656423270702362,
      0.3034147024154663,
      0.5308321714401245,
      0.2728457748889923,
      0.48193755745887756,
      0.06802713125944138,
      0.0698106661438942,
      0.13259802758693695,
      0.09957901388406754,
      0.27018940448760986,
      0.7837424874305725,
      0.8909239768981934,
      0.7443615794181824,
      0.06519287079572678,
      0.2011656016111374,
      0.9029434323310852,
      0.5681772232055664,
      0.8697182536125183,
      0.40445905923843384,
      0.1417175531387329,
      0.1261087954044342,
      0.31860560178756714,
      0.08343592286109924,
      0.10533496737480164,
      0.8085124492645264,
      0.6488657593727112,
      0.22136445343494415,
      0.0827440544962883,
      0.10594162344932556,
      0.03544927015900612,
      0.8638749718666077,
      0.22565151751041412,
      0.8755680322647095,
      0.6518298387527466,
      0.5176590085029602,
      0.18216270208358765,
      0.2943338453769684,
      0.017497364431619644,
      0.10850318521261215,
      0.3263310492038727,
      0.06385231018066406,
      0.08994155377149582,
      0.18768370151519775,
      0.0546080656349659,
      0.8868473768234253,
      0.12608756124973297,
      0.053819745779037476,
      0.7743548154830933,
      0.6321001052856445,
      0.356768935918808,
      0.15149138867855072,
      0.12475168704986572,
      0.8962766528129578,
      0.10889198631048203,
      0.2398669570684433,
      0.7544870972633362,
      0.245510071516037,
      0.6828489303588867,
      0.7859629988670349,
      0.045411672443151474,
      0.717894434928894,
      0.8134006857872009,
      0.0431634783744812,
      0.5113639831542969,
      0.3629259467124939,
      0.2250966876745224,
      0.028078554198145866,
      0.8620567917823792,
      0.3488208055496216,
      0.1255684643983841,
      0.7533503174781799,
      0.8914532661437988,
      0.19005292654037476,
      0.8278184533119202,
      0.14358395338058472,
      0.7951249480247498,
      0.8499990105628967,
      0.14577610790729523,
      0.4721270501613617,
      0.09454111009836197,
      0.6702231764793396,
      0.182155042886734,
      0.4797658622264862,
      0.032380953431129456,
      0.1266392022371292,
      0.5722390413284302,
      0.8731791973114014,
      0.20653098821640015,
      0.2033213973045349,
      0.7918712496757507,
      0.7405391335487366,
      0.07345988601446152,
      0.7047657370567322,
      0.11060214042663574,
      0.667618989944458,
      0.3938164710998535,
      0.2903085947036743,
      0.07613638043403625,
      0.21366141736507416,
      0.24339528381824493,
      0.6305122971534729,
      0.15952886641025543,
      0.38459551334381104,
      0.06138703599572182,
      0.06401541084051132,
      0.7248715162277222,
      0.411368191242218,
      0.8114433288574219,
      0.36571332812309265,
      0.22848521173000336,
      0.26341572403907776,
      0.06687334179878235,
      0.8685685396194458,
      0.11781629920005798,
      0.5442033410072327,
      0.8274456858634949
    ],