{
  "Random Forest": {
    "accuracy": 0.8904899135446686,
    "precision": 0.8901734104046243,
    "recall": 0.8901734104046243,
    "f1": 0.8901734104046243,
    "confusion_matrix": [
      [
        155,
        19
      ],
      [
        19,
        154
      ]
    ],
    "roc_auc": 0.965450800611255
  },
  "Siamese Network": {
    "accuracy": 0.7579250720461095,
    "precision": 0.7305699481865285,
    "recall": 0.815028901734104,
    "f1": 0.7704918032786885,
    "roc_auc": 0.8423692777888513,
    "predictions": [
      0.002216121880337596,
      0.004439567681401968,
      0.06693404912948608,
      0.017416687682271004,
      0.05140969529747963,
      0.4899868965148926,
      0.005002918187528849,
      0.8530659675598145,
      0.7909943461418152,
      0.0013270297786220908,
      0.9599777460098267,
      0.005456903483718634,
      0.8654745817184448,
      0.9856802225112915,
      0.9833990335464478,
      0.08318258076906204,
      0.4872148931026459,
      0.013572786934673786,
      0.9088908433914185,
      0.8722924590110779,
      0.9955071210861206,
      0.909710705280304,
      0.4468021094799042,
      0.9822423458099365,
      0.10895986109972,
      0.0239257775247097,
      0.09964494407176971,
      0.06736897677183151,
      0.9802786111831665,
      0.9991058707237244,
      0.9571778178215027,
      0.6183105707168579,
      0.34613052010536194,
      0.9871041178703308,
      0.9965200424194336,
      0.20678077638149261,
      0.05117552727460861,
      0.9886914491653442,
      0.7517021298408508,
      4.266649739292916e-06,
      0.02052508480846882,
      0.9606056809425354,
      0.9375614523887634,
      0.5397896766662598,
      0.9735311269760132,
      0.9832807779312134,
      0.9923478364944458,
      0.6922719478607178,
      0.0018648018594831228,
      0.3958941400051117,
      0.006923543754965067,
      0.9837501645088196,
      0.9987797141075134,
      0.8843597769737244,
      0.7653220891952515,
      0.3956791162490845,
      0.9189735054969788,
      0.832263171672821,
      0.8220685124397278,
      0.37942612171173096,
      0.4860585331916809,
      0.0050635258667171,
      0.18362313508987427,
      0.08823249489068985,
      0.4451383948326111,
      0.9973427653312683,
      0.18440571427345276,
      0.0038122294936329126,
      0.2366960644721985,
      0.12491681426763535,
      0.45086154341697693,
      0.7945987582206726,
      0.01125197485089302,
      0.8415112495422363,
      0.037840597331523895,
      0.18852588534355164,
      0.9838671684265137,
      0.8990147709846497,
      0.12360863387584686,
      0.5608648061752319,
      0.01709483377635479,
      0.016777709126472473,
      0.6298161149024963,
      0.9713737368583679,
      0.9769569039344788,
      0.7100480198860168,
      0.9781955480575562,
      0.003846209030598402,
      0.30018672347068787,
      0.7113401293754578,
      0.8505892157554626,
      0.004289635457098484,
      0.15002761781215668,
      0.30191436409950256,
      0.020572716370224953,
      0.9939225316047668,
      0.9826835989952087,
      0.9920408129692078,
      0.9655256867408752,
      0.9581444263458252,
      0.9876145124435425,
      0.9980751276016235,
      0.019514594227075577,
      0.06288742274045944,
      0.998552143573761,
      0.3651283085346222,
      0.956788182258606,
      0.036286771297454834,
      0.997983455657959,
      0.7787809371948242,
      0.3954828083515167,
      0.9685326814651489,
      0.7405925393104553,
      0.3479287922382355,
      0.05837403982877731,
      0.10206185281276703,
      0.02532808668911457,
      0.9497799873352051,
      0.9637508392333984,
      0.9988886713981628,
      0.978613555431366,
      0.98970627784729,
      0.7154199481010437,
      0.01199029665440321,
      0.3932237923145294,
      0.9699850082397461,
      0.25808027386665344,
      0.8495802879333496,
      0.257188081741333,
      0.9954674243927002,
      0.9844239354133606,
      0.997631311416626,
      0.7449532151222229,
      0.18691180646419525,
      0.9877780079841614,
      0.9352648258209229,
      0.9939244389533997,
      0.00798333715647459,
      0.01909940503537655,
      0.7739508152008057,
      0.02196444757282734,
      0.9659945964813232,
      0.9712740182876587,
      0.9442154169082642,
      0.8289034366607666,
      0.9938661456108093,
      0.11274244636297226,
      0.6901190280914307,
      0.9449003338813782,
      0.8362725377082825,
      0.8835055828094482,
      0.9988707900047302,
      0.11665532737970352,
      0.6298456192016602,
      0.0003099337045568973,
      0.019349170848727226,
      0.07460228353738785,
      0.11902962625026703,
      0.9965992569923401,
      0.9993106126785278,
      0.0018895486136898398,
      0.9500823616981506,
      0.8594107627868652,
      0.029895126819610596,
      0.9162114262580872,
      0.9926444292068481,
      0.9954854846000671,
      0.9875539541244507,
      0.9379212260246277,
      0.9893854260444641,
      0.9658551216125488,
      0.5453488826751709,
      0.0023353404831141233,
      0.4629800617694855,
      0.9853142499923706,
      0.8947758674621582,
      0.9134323000907898,
      0.9000985622406006,
      0.028153542429208755,
      0.7922807931900024,
      0.11135907471179962,
      0.007550856564193964,
      0.10223256051540375,
      0.6595060229301453,
      0.9832210540771484,
      0.2864467203617096,
      0.9256428480148315,
      0.6234295964241028,
      0.0011255114804953337,
      0.9957650899887085,
      0.22490163147449493,
      0.19303004443645477,
      0.995854914188385,
      0.639784574508667,
      0.020828258246183395,
      0.9987121820449829,
      0.9936664700508118,
      0.9976029992103577,
      0.9626680016517639,
      0.34859025478363037,
      0.9955803751945496,
      0.606818675994873,
      0.5222910046577454,
      0.594232976436615,
      0.993959903717041,
      0.028706012293696404,
      0.33633458614349365,
      0.5452865958213806,
      0.9918065071105957,
      0.7200020551681519,
      0.8656425476074219,
      0.3824388384819031,
      0.8356067538261414,
      0.008625894784927368,
      0.0038910210132598877,
      0.06068958714604378,
      0.9931464791297913,
      0.536365807056427,
      0.0030802434775978327,
      0.3401239216327667,
      0.008784624747931957,
      0.9977228045463562,
      0.5754171013832092,
      0.8844050168991089,
      0.36093348264694214,
      0.6886872053146362,
      0.11940480768680573,
      0.0010068685514852405,
      0.9977071285247803,
      0.906144380569458,
      0.008949426002800465,
      0.8289885520935059,
      0.0050598448142409325,
      0.24105089902877808,
      0.5393332839012146,
      0.0027070222422480583,
      0.7677479982376099,
      0.7195321321487427,
      0.24903543293476105,
      0.1519801765680313,
      0.0037387562915682793,
      0.0814988762140274,
      0.14939899742603302,
      0.567584753036499,
      0.9910678267478943,
      0.8303341865539551,
      0.1874435693025589,
      0.04705165699124336,
      0.26361262798309326,
      0.1662810891866684,
      0.08393741399049759,
      0.8996219635009766,
      0.004783053882420063,
      0.15798324346542358,
      0.6456018090248108,
      0.9452084898948669,
      0.011610230430960655,
      0.9972224235534668,
      0.49547290802001953,
      0.5530235171318054,
      0.0014365960378199816,
      0.9537450075149536,
      0.9729150533676147,
      0.9454954862594604,
      0.9769704341888428,
      0.9196298718452454,
      0.002961802063509822,
      0.0009327622246928513,
      0.03523895889520645,
      0.8927101492881775,
      0.9761925339698792,
      0.9983421564102173,
      0.9978598952293396,
      0.01009468361735344,
      0.9972285628318787,
      0.8206596970558167,
      0.9455786347389221,
      0.001233580056577921,
      0.6125917434692383,
      0.5977885127067566,
      0.939665675163269,
      0.0142280962318182,
