{
  "results": {
    "best_model": "Random Forest",
    "best_f1_score": 0.8994413407821229,
    "model_performance": {
      "Random Forest": {
        "accuracy": 0.8962536023054755,
        "precision": 0.8702702702702703,
        "recall": 0.930635838150289,
        "f1": 0.8994413407821229,
        "roc_auc": 0.9461497574911966
      },
      "Siamese Network": {
        "accuracy": 0.7780979827089337,
        "precision": 0.7580645161290323,
        "recall": 0.815028901734104,
        "f1": 0.7855153203342619,
        "roc_auc": 0.8537970898943592
      }
    },
    "dataset_size": {
      "table_a_samples": 2554,
      "table_b_samples": 22074,
      "total_pairs": 2308
    }
  }
}