{
  "results": {
    "best_model": "Random Forest",
    "best_f1_score": 0.9028571428571428,
    "model_performance": {
      "Random Forest": {
        "accuracy": 0.9020172910662824,
        "precision": 0.8926553672316384,
        "recall": 0.9132947976878613,
        "f1": 0.9028571428571428,
        "roc_auc": 0.9718291143445618
      },
      "Siamese Network": {
        "accuracy": 0.4956772334293948,
        "precision": 0.46875,
        "recall": 0.08670520231213873,
        "f1": 0.14634146341463414,
        "roc_auc": 0.5438176865324563
      },
      "TF IDF + Logistic Regression": {
        "accuracy": 0.8818443804034583,
        "precision": 0.9024390243902439,
        "recall": 0.8554913294797688,
        "f1": 0.8783382789317508,
        "roc_auc": 0.9616304564480764
      },
      "GloVe + MLP": {
        "accuracy": 0.7953890489913544,
        "precision": 0.7383177570093458,
        "recall": 0.9132947976878613,
        "f1": 0.8165374677002584,
        "roc_auc": 0.8871835758421367
      }
    },
    "dataset_size": {
      "table_a_samples": 2554,
      "table_b_samples": 22074,
      "total_pairs": 2308
    }
  }
}