{
  "results": {
    "best_model": "Random Forest",
    "best_f1_score": 0.9854227405247813,
    "model_performance": {
      "Random Forest": {
        "accuracy": 0.9855907780979827,
        "precision": 0.9941176470588236,
        "recall": 0.976878612716763,
        "f1": 0.9854227405247813,
        "roc_auc": 0.9963623679489735
      },
      "Siamese Network": {
        "accuracy": 0.8904899135446686,
        "precision": 0.8729281767955801,
        "recall": 0.9132947976878613,
        "f1": 0.8926553672316384,
        "roc_auc": 0.9577436715168428
      }
    },
    "dataset_size": {
      "table_a_samples": 2554,
      "table_b_samples": 22074,
      "total_pairs": 2308
    }
  }
}