{
  "results": {
    "best_model": "Random Forest",
    "best_f1_score": 0.9126760563380282,
    "model_performance": {
      "Random Forest": {
        "accuracy": 0.9106628242074928,
        "precision": 0.8901098901098901,
        "recall": 0.9364161849710982,
        "f1": 0.9126760563380282,
        "roc_auc": 0.9701680951431799
      },
      "Siamese Network": {
        "accuracy": 0.7521613832853026,
        "precision": 0.7081339712918661,
        "recall": 0.8554913294797688,
        "f1": 0.774869109947644,
        "roc_auc": 0.8392133413062255
      },
      "TF IDF + Logistic Regression": {
        "accuracy": 0.8818443804034583,
        "precision": 0.8666666666666667,
        "recall": 0.9017341040462428,
        "f1": 0.8838526912181303,
        "roc_auc": 0.9629592718091821
      },
      "GloVe + MLP": {
        "accuracy": 0.8097982708933718,
        "precision": 0.7535545023696683,
        "recall": 0.9190751445086706,
        "f1": 0.828125,
        "roc_auc": 0.9029632582552655
      }
    },
    "dataset_size": {
      "table_a_samples": 2554,
      "table_b_samples": 22074,
      "total_pairs": 2308
    }
  }
}