{
  "results": {
    "best_model": "Siamese Network",
    "best_f1_score": 0.9662921348314607,
    "model_performance": {
      "Random Forest": {
        "accuracy": 0.8528301886792453,
        "precision": 0.8079470198675497,
        "recall": 0.9242424242424242,
        "f1": 0.8621908127208481,
        "roc_auc": 0.913362952836637
      },
      "Siamese Network": {
        "accuracy": 0.9660377358490566,
        "precision": 0.9555555555555556,
        "recall": 0.9772727272727273,
        "f1": 0.9662921348314607,
        "roc_auc": 0.9882091592617908
      }
    },
    "dataset_size": {
      "table_a_samples": 2554,
      "table_b_samples": 22074,
      "total_pairs": 1766
    }
  }
}