{
  "results": {
    "best_model": "Random Forest",
    "best_f1_score": 0.9106628242074928,
    "model_performance": {
      "Random Forest": {
        "accuracy": 0.9106628242074928,
        "precision": 0.9080459770114943,
        "recall": 0.9132947976878613,
        "f1": 0.9106628242074928,
        "roc_auc": 0.9641718158261909
      },
      "Siamese Network": {
        "accuracy": 0.7838616714697406,
        "precision": 0.7634408602150538,
        "recall": 0.8208092485549133,
        "f1": 0.7910863509749304,
        "roc_auc": 0.854461497574912
      },
      "TF IDF + Logistic Regression": {
        "accuracy": 0.9135446685878963,
        "precision": 0.9554140127388535,
        "recall": 0.8670520231213873,
        "f1": 0.9090909090909091,
        "roc_auc": 0.9742209819945518
      },
      "GloVe + MLP": {
        "accuracy": 0.829971181556196,
        "precision": 0.8064516129032258,
        "recall": 0.8670520231213873,
        "f1": 0.8356545961002786,
        "roc_auc": 0.9082120789316324
      }
    },
    "dataset_size": {
      "table_a_samples": 2554,
      "table_b_samples": 22074,
      "total_pairs": 2308
    }
  }
}