{
  "results": {
    "best_model": "Siamese Network",
    "best_f1_score": 0.9402985074626866,
    "model_performance": {
      "Random Forest": {
        "accuracy": 0.8528301886792453,
        "precision": 0.8079470198675497,
        "recall": 0.9242424242424242,
        "f1": 0.8621908127208481,
        "roc_auc": 0.9137047163362952
      },
      "Siamese Network": {
        "accuracy": 0.939622641509434,
        "precision": 0.9264705882352942,
        "recall": 0.9545454545454546,
        "f1": 0.9402985074626866,
        "roc_auc": 0.9884370015948962
      }
    },
    "dataset_size": {
      "table_a_samples": 2554,
      "table_b_samples": 22074,
      "total_pairs": 1766
    }
  }
}