{
  "results": {
    "best_model": "Random Forest",
    "best_f1_score": 0.8997134670487106,
    "model_performance": {
      "Random Forest": {
        "accuracy": 0.899135446685879,
        "precision": 0.8920454545454546,
        "recall": 0.9075144508670521,
        "f1": 0.8997134670487106,
        "roc_auc": 0.9579762142050361
      },
      "Siamese Network": {
        "accuracy": 0.7636887608069164,
        "precision": 0.7382198952879581,
        "recall": 0.815028901734104,
        "f1": 0.7747252747252747,
        "roc_auc": 0.8574845525214272
      },
      "TF IDF + Logistic Regression": {
        "accuracy": 0.8904899135446686,
        "precision": 0.9041916167664671,
        "recall": 0.8728323699421965,
        "f1": 0.888235294117647,
        "roc_auc": 0.9636901202577901
      },
      "GloVe + MLP": {
        "accuracy": 0.8242074927953891,
        "precision": 0.7978723404255319,
        "recall": 0.8670520231213873,
        "f1": 0.8310249307479224,
        "roc_auc": 0.9178127699156202
      }
    },
    "dataset_size": {
      "table_a_samples": 2554,
      "table_b_samples": 22074,
      "total_pairs": 2308
    }
  }
}