{
  "results": {
    "best_model": "Random Forest",
    "best_f1_score": 0.8932584269662921,
    "model_performance": {
      "Random Forest": {
        "accuracy": 0.8904899135446686,
        "precision": 0.8688524590163934,
        "recall": 0.9190751445086706,
        "f1": 0.8932584269662921,
        "roc_auc": 0.9564812969237925
      },
      "Siamese Network": {
        "accuracy": 0.49279538904899134,
        "precision": 0.3333333333333333,
        "recall": 0.017341040462427744,
        "f1": 0.03296703296703297,
        "roc_auc": 0.5313600425220916
      },
      "TF IDF + Logistic Regression": {
        "accuracy": 0.861671469740634,
        "precision": 0.861271676300578,
        "recall": 0.861271676300578,
        "f1": 0.861271676300578,
        "roc_auc": 0.9406019533585808
      },
      "GloVe + MLP": {
        "accuracy": 0.8184438040345822,
        "precision": 0.7669902912621359,
        "recall": 0.9132947976878613,
        "f1": 0.8337730870712401,
        "roc_auc": 0.9030629194073484
      }
    },
    "dataset_size": {
      "table_a_samples": 2554,
      "table_b_samples": 22074,
      "total_pairs": 2308
    }
  }
}