{
  "results": {
    "best_model": "Random Forest",
    "best_f1_score": 0.8901734104046243,
    "model_performance": {
      "Random Forest": {
        "accuracy": 0.8904899135446686,
        "precision": 0.8901734104046243,
        "recall": 0.8901734104046243,
        "f1": 0.8901734104046243,
        "roc_auc": 0.965450800611255
      },
      "Siamese Network": {
        "accuracy": 0.7579250720461095,
        "precision": 0.7305699481865285,
        "recall": 0.815028901734104,
        "f1": 0.7704918032786885,
        "roc_auc": 0.8423692777888513
      }
    },
    "dataset_size": {
      "table_a_samples": 2554,
      "table_b_samples": 22074,
      "total_pairs": 2308
    }
  }
}