{
  "results": {
    "best_model": "Siamese Network",
    "best_f1_score": 0.9581749049429658,
    "model_performance": {
      "Random Forest": {
        "accuracy": 0.8528301886792453,
        "precision": 0.8079470198675497,
        "recall": 0.9242424242424242,
        "f1": 0.8621908127208481,
        "roc_auc": 0.913362952836637
      },
      "Siamese Network": {
        "accuracy": 0.9584905660377359,
        "precision": 0.9618320610687023,
        "recall": 0.9545454545454546,
        "f1": 0.9581749049429658,
        "roc_auc": 0.9858737753474595
      }
    },
    "dataset_size": {
      "table_a_samples": 2554,
      "table_b_samples": 22074,
      "total_pairs": 1766
    }
  }
}