{
  "results": {
    "best_model": "Random Forest",
    "best_f1_score": 0.952076677316294,
    "model_performance": {
      "Random Forest": {
        "accuracy": 0.9503311258278145,
        "precision": 0.9197530864197531,
        "recall": 0.9867549668874173,
        "f1": 0.952076677316294,
        "roc_auc": 0.9875444059471076
      },
      "Siamese Network": {
        "accuracy": 0.8543046357615894,
        "precision": 0.9495798319327731,
        "recall": 0.7483443708609272,
        "f1": 0.837037037037037,
        "roc_auc": 0.9300030700407877
      }
    },
    "dataset_size": {
      "table_a_samples": 2554,
      "table_b_samples": 22074,
      "total_pairs": 2010
    }
  }
}