{
  "results": {
    "best_model": "Random Forest",
    "best_f1_score": 0.9283276450511946,
    "model_performance": {
      "Random Forest": {
        "accuracy": 0.9233576642335767,
        "precision": 0.8717948717948718,
        "recall": 0.9927007299270073,
        "f1": 0.9283276450511946,
        "roc_auc": 0.9583355533059833
      },
      "Siamese Network": {
        "accuracy": 0.8102189781021898,
        "precision": 0.9207920792079208,
        "recall": 0.6788321167883211,
        "f1": 0.7815126050420168,
        "roc_auc": 0.9049496510202996
      }
    },
    "dataset_size": {
      "table_a_samples": 2554,
      "table_b_samples": 22074,
      "total_pairs": 1822
    }
  }
}