epoch,train_loss,val_loss,loss,accuracy,precision,recall,f1,roc_auc
1,0.7586005879383461,0.688555592840368,0.688555592840368,0.5677233429394812,0.5740740740740741,0.5344827586206896,0.5535714285714286,0.55840143512059
