epoch,train_loss,val_loss,loss,accuracy,precision,recall,f1,roc_auc
1,0.7889788448810577,0.6891143620014191,0.6891143620014191,0.521613832853026,0.6428571428571429,0.10344827586206896,0.1782178217821782,0.584745199654508
