epoch,train_loss,val_loss,loss,accuracy,precision,recall,f1,roc_auc
1,0.7925110986599555,0.6944551368554434,0.6944551368554434,0.5129682997118156,0.8571428571428571,0.034482758620689655,0.06629834254143646,0.5443492126768985
