{
  "best_params": {
    "learning_rate": 6.358358856676247e-05,
    "hidden_dim": 800,
    "dropout_rate": 0.10823379771832098,
    "batch_size": 32,
    "weight_decay": 3.5498788321965036e-05
  },
  "best_score": 0.7294117647058823
}