{
  "best_params": {
    "learning_rate": 1.329291894316217e-05,
    "hidden_dim": 987,
    "dropout_rate": 0.39279757672456206,
    "batch_size": 32,
    "weight_decay": 0.003967605077052989
  },
  "best_score": 0.6403712296983759
}